setCompID,setID,setType,partID,label,enumeration,status,firstReleased,lastUpdated,changes,notes
absHumidUnitSetgm3,absHumidUnitSet,unitSets,gm3,Gram per cubic metre,1,active,2.0.0,2.0.0,,
airCompartmentSetair,airCompartmentSet,compartmentSets,air,Air compartment,1,active,2.0.0,2.0.0,,
airportSheetSetairportLists,airportSheetSet,dictSets,airportLists,Airport lists worksheet,1,active,2.0.0,2.0.0,,
airportSheetSetairportTemplate,airportSheetSet,dictSets,airportTemplate,Airport Surveillance Template,2,active,2.0.0,2.0.0,,
airSurfaceCompartmentSetair,airSurfaceCompartmentSet,compartmentSets,air,Air compartment,1,active,2.0.0,2.0.0,,
airSurfaceCompartmentSetsurf,airSurfaceCompartmentSet,compartmentSets,surf,Surface compartment,2,active,2.0.0,2.0.0,,
airWaterCompartmentSetair,airWaterCompartmentSet,compartmentSets,air,Air compartment,1,active,2.0.0,2.0.0,,
alleleUnitSetct,alleleUnitSet,unitSets,ct,Cycle threshold or quantification cycle (Ct or Cq),1,active,2.0.0,2.0.0,,
alleleUnitSetdet,alleleUnitSet,unitSets,det,Detected,7,active,1.1.0,2.0.0,,
alleleUnitSetdoc,alleleUnitSet,unitSets,doc,Depth of coverage,2,active,2.0.0,2.0.0,,
alleleUnitSetefficient,alleleUnitSet,unitSets,efficient,Efficiency,13,active,2.0.0,2.0.0,,
alleleUnitSetgcCrA,alleleUnitSet,unitSets,gcCrA,Gene copies per copy of crAssphage,3,active,2.0.0,2.0.0,,
alleleUnitSetgcD100,alleleUnitSet,unitSets,gcD100,"gene copies per day per 100,000",6,active,2.0.0,2.0.0,,
alleleUnitSetgCGS,alleleUnitSet,unitSets,gCGS,Gene copies per gram solids,4,active,2.0.0,2.0.0,,
alleleUnitSetgcMl,alleleUnitSet,unitSets,gcMl,Gene copies per mL,5,active,2.0.0,2.0.0,,
alleleUnitSetgcPpmov,alleleUnitSet,unitSets,gcPpmov,Gene copies per PMMoV copy,8,active,2.0.0,2.0.0,,
alleleUnitSetinter,alleleUnitSet,unitSets,inter,Intercept,12,active,2.0.0,2.0.0,,
alleleUnitSetr2,alleleUnitSet,unitSets,r2,R squared,14,active,2.0.0,2.0.0,,
alleleUnitSetslope,alleleUnitSet,unitSets,slope,slope,11,active,2.0.0,2.0.0,,
anyCompartmentSetair,anyCompartmentSet,compartmentSets,air,Air compartment,1,active,2.0.0,2.0.0,,
anyCompartmentSetsurf,anyCompartmentSet,compartmentSets,surf,Surface compartment,2,active,2.0.0,2.0.0,,
anyCompartmentSetwat,anyCompartmentSet,compartmentSets,wat,Water compartment,3,active,2.0.0,2.0.0,,
anySpecimenSetpo,anySpecimenSet,specimenSets,po,Population,1,active,2.0.0,2.0.0,,
anySpecimenSetsa,anySpecimenSet,specimenSets,sa,Sample,2,active,2.0.0,2.0.0,,
anySpecimenSetsi,anySpecimenSet,specimenSets,si,Site,3,active,2.0.0,2.0.0,,
bacteriaUnitSetcfu,bacteriaUnitSet,unitSets,cfu,CFU per 100 ml,1,active,2.0.0,2.0.0,,
booleanAggrSetandBoo,booleanAggrSet,aggregationSets,andBoo,AND Boolean aggregation,3,active,2.0.0,2.0.0,,
booleanAggrSetorBoo,booleanAggrSet,aggregationSets,orBoo,OR Boolean aggregation,2,active,2.0.0,2.0.0,,
booleanAggrSetsin,booleanAggrSet,aggregationSets,sin,Single,1,active,2.0.0,2.0.0,,
booleanSetFALSE,booleanSet,mmaSets,FALSE,FALSE,2,active,2.0.0,2.0.0,,
booleanSetTRUE,booleanSet,mmaSets,TRUE,TRUE,1,active,2.0.0,2.0.0,,
capacityUnitSetmgd,capacityUnitSet,unitSets,mgd,Millions of gallons per day (MG/D),1,active,2.0.0,2.0.0,,
capacityUnitSetmld,capacityUnitSet,unitSets,mld,Megalitres per day (ML/d),2,active,2.0.0,2.0.0,,
capacityUnitSetpopEq,capacityUnitSet,unitSets,popEq,Population equivalents,3,active,2.0.0,2.0.0,,
collectSetareaPr,collectSet,mmaSets,areaPr,Area proportional sample,1,active,2.0.0,2.0.0,,
collectSetcomp,collectSet,mmaSets,comp,Composite sample - archival,9,active,2.0.0,2.0.0,,
collectSetcosca,collectSet,mmaSets,cosca,COSCa ball,2,active,2.0.0,2.0.0,,
collectSetflowPr,collectSet,mmaSets,flowPr,Flow proportional sample,3,active,1.0.0,2.0.0,,
collectSetgrb,collectSet,mmaSets,grb,Grab sample,4,active,1.0.0,2.0.0,,
collectSetmanComp,collectSet,mmaSets,manComp,Manual Composite Sample,10,active,2.0.0,2.0.0,,
collectSetmoorSw,collectSet,mmaSets,moorSw,Moore swab passive sample,5,active,1.0.0,2.0.0,,
collectSetpassiveGen,collectSet,mmaSets,passiveGen,Passive Sample - General,11,active,2.0.0,2.0.0,,
collectSetsurfSw,collectSet,mmaSets,surfSw,Surface swab,6,active,2.0.0,2.0.0,,
collectSettimePr,collectSet,mmaSets,timePr,Time proportional sample,7,active,1.0.0,2.0.0,,
collectSetvolPr,collectSet,mmaSets,volPr,Volume proportional sample,8,active,2.0.0,2.0.0,,
conductivityUnitSetuSCm,conductivityUnitSet,unitSets,uSCm,Micro-Siemens per centimetre,1,active,2.0.0,2.0.0,,
contactTableSetaddresses,contactTableSet,dictSets,addresses,Address table,4,active,2.0.0,2.0.0,,
contactTableSetcontacts,contactTableSet,dictSets,contacts,Contact table,3,active,2.0.0,2.0.0,,
contactTableSetorganizations,contactTableSet,dictSets,organizations,Organization table,2,active,2.0.0,2.0.0,,
contactTableSetsites,contactTableSet,dictSets,sites,Sites table,1,active,2.0.0,2.0.0,,
crosswalkTableSetenaMap,crosswalkTableSet,dictSets,enaMap,European Nucleotide Association Mapping Column,1,active,2.2.2,2.2.2,,
crosswalkTableSetenaNotes,crosswalkTableSet,dictSets,enaNotes,European Nucleotide Association (ENA) - notes,2,active,2.2.2,2.2.2,,
crosswalkTableSetncbi,crosswalkTableSet,dictSets,ncbi,National Center for Biotechnology Information,3,active,2.2.2,2.2.2,,
crosswalkTableSetncbiNotes,crosswalkTableSet,dictSets,ncbiNotes,NCBI - notes,4,active,2.2.2,2.2.2,,
crosswalkTableSetnorman,crosswalkTableSet,dictSets,norman,NORMAN,5,active,2.2.2,2.2.2,,
crosswalkTableSetnormanNote,crosswalkTableSet,dictSets,normanNote,NORMAN - notes,6,active,2.2.2,2.2.2,,
crosswalkTableSetnwss,crosswalkTableSet,dictSets,nwss,National Wastewater Surveillance System,7,active,2.2.2,2.2.2,,
crosswalkTableSetnwssNotes,crosswalkTableSet,dictSets,nwssNotes,NWSS - notes,8,active,2.2.2,2.2.2,,
crosswalkTableSetnwssProcess,crosswalkTableSet,dictSets,nwssProcess,NWSS - process,9,active,2.2.2,2.2.2,,
crosswalkTableSetphage,crosswalkTableSet,dictSets,phage,PHAGE,10,active,2.2.2,2.2.2,,
crosswalkTableSetphageNotes,crosswalkTableSet,dictSets,phageNotes,PHAGE - notes,11,active,2.2.2,2.2.2,,
crosswalkTableSetversion1Category,crosswalkTableSet,dictSets,version1Category,ODM V1 category,12,active,2.2.2,2.2.2,,
crosswalkTableSetversion1Location,crosswalkTableSet,dictSets,version1Location,ODM V1 location,13,active,2.2.2,2.2.2,,
crosswalkTableSetversion1Table,crosswalkTableSet,dictSets,version1Table,ODM V1 table,14,active,2.2.2,2.2.2,,
crosswalkTableSetversion1to2Changes,crosswalkTableSet,dictSets,version1to2Changes,ODM version 1 to 2 changes,15,active,2.2.2,2.2.2,,
crosswalkTableSetversion1Variable,crosswalkTableSet,dictSets,version1Variable,ODM V1 variable,16,active,2.2.2,2.2.2,,
crosswalkTableSetwSphere,crosswalkTableSet,dictSets,wSphere,World Sphere (W-SPHERE),17,active,2.2.2,2.2.2,,
crosswalkTableSetwSphereNotes,crosswalkTableSet,dictSets,wSphereNotes,World Sphere (W-SPHERE) notes,18,active,2.2.2,2.2.2,,
dictionaryRefTableSetcountries,dictionaryRefTableSet,dictSets,countries,Countries look-up tables,4,active,2.1.0,2.1.0,,
dictionaryRefTableSetlanguages,dictionaryRefTableSet,dictSets,languages,Language Look-up table,3,active,2.0.0,2.0.0,,
dictionaryRefTableSetparts,dictionaryRefTableSet,dictSets,parts,Parts Look-up table,1,active,2.0.0,2.0.0,,
dictionaryRefTableSetsets,dictionaryRefTableSet,dictSets,sets,Sets look-up table,2,active,2.0.0,2.0.0,,
dictionaryRefTableSettranslations,dictionaryRefTableSet,dictSets,translations,Translation look-up table,6,active,2.0.0,2.0.0,,
dictionaryRefTableSetzones,dictionaryRefTableSet,dictSets,zones,Zones look-up table,5,active,2.1.0,2.1.0,,
dissGasUnitSetmgL,dissGasUnitSet,unitSets,mgL,Milligrams per litre,1,active,2.0.0,2.0.0,,
dissGasUnitSetppm,dissGasUnitSet,unitSets,ppm,parts per million,2,active,2.0.0,2.0.0,,
erdTableSetaddresses,erdTableSet,dictSets,addresses,Address table,1,active,2.0.0,2.0.0,,
erdTableSetcontacts,erdTableSet,dictSets,contacts,Contact table,2,active,2.0.0,2.0.0,,
erdTableSetcountries,erdTableSet,dictSets,countries,Countries look-up tables,19,active,2.1.0,2.1.0,,
erdTableSetdatasets,erdTableSet,dictSets,datasets,Dataset table,3,active,2.0.0,2.0.0,,
erdTableSetinstruments,erdTableSet,dictSets,instruments,Instrument table,4,active,2.0.0,2.0.0,,
erdTableSetlanguages,erdTableSet,dictSets,languages,Language Look-up table,5,active,2.0.0,2.0.0,,
erdTableSetmeasures,erdTableSet,dictSets,measures,Measure report table,6,active,2.0.0,2.0.0,,
erdTableSetmeasureSets,erdTableSet,dictSets,measureSets,Measure set report table,7,active,2.0.0,2.0.0,,
erdTableSetorganizations,erdTableSet,dictSets,organizations,Organization table,8,active,2.0.0,2.0.0,,
erdTableSetparts,erdTableSet,dictSets,parts,Parts Look-up table,9,active,2.0.0,2.0.0,,
erdTableSetpolygons,erdTableSet,dictSets,polygons,Polygon table,10,active,2.0.0,2.0.0,,
erdTableSetprotocolRelationships,erdTableSet,dictSets,protocolRelationships,Protocol relationships table,11,active,2.0.0,2.0.0,,
erdTableSetprotocols,erdTableSet,dictSets,protocols,Protocols table,12,active,2.0.0,2.0.0,,
erdTableSetprotocolSteps,erdTableSet,dictSets,protocolSteps,Protocol steps table,13,active,2.0.0,2.0.0,,
erdTableSetqualityReports,erdTableSet,dictSets,qualityReports,Quality reports table,14,active,2.0.0,2.0.0,,
erdTableSetreportersDep,erdTableSet,dictSets,reportersDep,Reporter table depreciated,15,active,2.0.0,2.0.0,,
erdTableSetsampleRelationships,erdTableSet,dictSets,sampleRelationships,Sample relationships table,16,active,2.0.0,2.0.0,,
erdTableSetsamples,erdTableSet,dictSets,samples,Sample report table,17,active,2.0.0,2.0.0,,
erdTableSetsets,erdTableSet,dictSets,sets,Sets look-up table,18,active,2.0.0,2.0.0,,
erdTableSetsites,erdTableSet,dictSets,sites,Sites table,21,active,2.0.0,2.0.0,,
erdTableSetzones,erdTableSet,dictSets,zones,Zones look-up table,20,active,2.1.0,2.1.0,,
extractSetamiMP96,extractSet,mmaSets,amiMP96,"Amicon filter, extract with MP96",2,active,2.0.0,2.0.0,,
extractSetbbMP96,extractSet,mmaSets,bbMP96,"Bead beating, extract with MP96",3,active,2.0.0,2.0.0,,
extractSetchemVir,extractSet,mmaSets,chemVir,Chemagic viral dna/rna 300 kit,4,active,2.0.0,2.0.0,,
extractSetextract4s,extractSet,mmaSets,extract4s,4s method,1,active,2.0.0,2.0.0,,
extractSetluminWWExtract,extractSet,mmaSets,luminWWExtract,luminultra wastewater extraction kit,26,active,2.2.0,2.2.0,,
extractSetmonarchRNA,extractSet,mmaSets,monarchRNA,monarch total RNA miniprep kit (new england biolabs) + onestep PCR inhibitor removal kit (zymo),27,active,2.2.0,2.2.0,,
extractSetnucAuto,extractSet,mmaSets,nucAuto,Nuclisens automated magnetic bead extraction kit,5,active,2.0.0,2.0.0,,
extractSetnucKingfish,extractSet,mmaSets,nucKingfish,nucleomag (ref. 744220.4) using kingfisher automated instrument,28,active,2.2.0,2.2.0,,
extractSetnucManu,extractSet,mmaSets,nucManu,Nuclisens manual magnetic bead extraction kit,6,active,2.0.0,2.0.0,,
extractSetphenCl,extractSet,mmaSets,phenCl,Phenol chloroform,7,active,2.0.0,2.0.0,,
extractSetpromAuto,extractSet,mmaSets,promAuto,promega automated tna kit,8,active,2.0.0,2.0.0,,
extractSetpromHt,extractSet,mmaSets,promHt,promega ht tna kit,9,active,2.0.0,2.0.0,,
extractSetpromManu,extractSet,mmaSets,promManu,promega manual tna kit,10,active,2.0.0,2.0.0,,
extractSetpromWW,extractSet,mmaSets,promWW,promega wastewater large volume tna capture kit,11,active,2.0.0,2.0.0,,
extractSetqgDNARNA,extractSet,mmaSets,qgDNARNA,qiagen allprep dna/rna kit,12,active,2.0.0,2.0.0,,
extractSetqgEz1,extractSet,mmaSets,qgEz1,qiagen ez1 virus mini kit v2.0,13,active,2.0.0,2.0.0,,
extractSetqgPwrFecal,extractSet,mmaSets,qgPwrFecal,qiagen allprep powerfecal dna/rna kit,14,active,2.0.0,2.0.0,,
extractSetqgPwrViral,extractSet,mmaSets,qgPwrViral,qiagen allprep powerviral dna/rna kit,15,active,2.0.0,2.0.0,,
extractSetqgPwrWtr,extractSet,mmaSets,qgPwrWtr,qiagen powerwater kit,16,active,2.0.0,2.0.0,,
extractSetqgQiAmp,extractSet,mmaSets,qgQiAmp,qiagen qiaamp buffers with epoch columns,17,active,2.0.0,2.0.0,,
extractSetqgRneasy,extractSet,mmaSets,qgRneasy,qiagen rneasy kit,18,active,2.0.0,2.0.0,,
extractSetqgRneasyPwr,extractSet,mmaSets,qgRneasyPwr,qiagen rneasy powermicrobiome kit,19,active,2.0.0,2.0.0,,
extractSetqiAllprep,extractSet,mmaSets,qiAllprep,qiagen allprep dna/rna kit,29,active,2.2.0,2.2.0,,
extractSetqiampDSP,extractSet,mmaSets,qiampDSP,qiagen qiaamp dsp viral rna mini kit,30,active,2.2.0,2.2.0,,
extractSetresCosca,extractSet,mmaSets,resCosca,Resuspend COSCa filter collection,20,active,2.0.0,2.0.0,,
extractSetsciencellRNA,extractSet,mmaSets,sciencellRNA,sciencell viral rna isolation kit,31,active,2.2.0,2.2.0,,
extractSetthermMag,extractSet,mmaSets,thermMag,thermo magmax microbiome ultra nucleic acid isolation kit,21,active,2.0.0,2.0.0,,
extractSetthermMagmax,extractSet,mmaSets,thermMagmax,thermo magmax viral/pathogen nucleic acid isolation kit,32,active,2.2.0,2.2.0,,
extractSettrizol,extractSet,mmaSets,trizol,"trizol, zymo mag beads w/ zymo clean and concentrator",22,active,2.0.0,2.0.0,,
extractSettrizolEtOH,extractSet,mmaSets,trizolEtOH,"trizol, garnet bead beating, alcohol precipitation",34,active,2.2.0,2.2.0,,
extractSettrizolRNA,extractSet,mmaSets,trizolRNA,trizol and RNA purification kit,33,active,2.2.0,2.2.0,,
extractSetzymo1035,extractSet,mmaSets,zymo1035,zymo quick-rna viral kit #r1035,36,active,2.2.0,2.2.0,,
extractSetzymo1041,extractSet,mmaSets,zymo1041,zymo quick-rna viral 96 kit #r1041,35,active,2.2.0,2.2.0,,
extractSetzymoEnv,extractSet,mmaSets,zymoEnv,zymo environ water rna kit/ zymo environ water rna kit (cat. r2042),23,active,2.0.0,2.0.0,,
extractSetzymoQuick,extractSet,mmaSets,zymoQuick,zymo quick-rna fungal/bacterial miniprep #r2014,24,active,2.0.0,2.0.0,,
flowUnitSetkgS,flowUnitSet,unitSets,kgS,Kilogram per second,1,active,2.0.0,2.0.0,,
flowUnitSetm3D,flowUnitSet,unitSets,m3D,Cubic metres per day,3,active,2.0.0,2.0.0,,
flowUnitSetm3H,flowUnitSet,unitSets,m3H,Cubic metres per hour,4,active,2.0.0,2.0.0,,
flowUnitSetm3S,flowUnitSet,unitSets,m3S,Cubic metres per second,5,active,2.0.0,2.0.0,,
flowUnitSetmgd,flowUnitSet,unitSets,mgd,Millions of gallons per day (MG/D),6,active,2.0.0,2.0.0,,
flowUnitSetmld,flowUnitSet,unitSets,mld,Megalitres per day (ML/d),7,active,2.0.0,2.0.0,,
fractionSetliq,fractionSet,mmaSets,liq,Liquid fraction,1,active,1.0.0,2.0.0,,
fractionSetmix,fractionSet,mmaSets,mix,Mixed/homogenized sample,2,active,1.0.0,2.0.0,,
fractionSetNA,fractionSet,mmaSets,NA,Not applicable,4,active,2.0.0,2.0.0,,
fractionSetsol,fractionSet,mmaSets,sol,Solid fraction,3,active,1.0.0,2.0.0,,
fullDictionarySheetSetaddresses,fullDictionarySheetSet,dictSets,addresses,Address table,1,active,2.0.0,2.0.0,,
fullDictionarySheetSetcontacts,fullDictionarySheetSet,dictSets,contacts,Contact table,2,active,2.0.0,2.0.0,,
fullDictionarySheetSetcountries,fullDictionarySheetSet,dictSets,countries,Countries look-up tables,22,active,2.1.0,2.1.0,,
fullDictionarySheetSetdatasets,fullDictionarySheetSet,dictSets,datasets,Dataset table,3,active,2.0.0,2.0.0,,
fullDictionarySheetSetinstruments,fullDictionarySheetSet,dictSets,instruments,Instrument table,4,active,2.0.0,2.0.0,,
fullDictionarySheetSetlanguages,fullDictionarySheetSet,dictSets,languages,Language Look-up table,5,active,2.0.0,2.0.0,,
fullDictionarySheetSetlists,fullDictionarySheetSet,dictSets,lists,List worksheet,21,active,2.0.0,2.0.0,,
fullDictionarySheetSetmeasures,fullDictionarySheetSet,dictSets,measures,Measure report table,6,active,2.0.0,2.0.0,,
fullDictionarySheetSetmeasureSets,fullDictionarySheetSet,dictSets,measureSets,Measure set report table,7,active,2.0.0,2.0.0,,
fullDictionarySheetSetorganizations,fullDictionarySheetSet,dictSets,organizations,Organization table,8,active,2.0.0,2.0.0,,
fullDictionarySheetSetparts,fullDictionarySheetSet,dictSets,parts,Parts Look-up table,9,active,2.0.0,2.0.0,,
fullDictionarySheetSetpolygons,fullDictionarySheetSet,dictSets,polygons,Polygon table,10,active,2.0.0,2.0.0,,
fullDictionarySheetSetprotocolRelationships,fullDictionarySheetSet,dictSets,protocolRelationships,Protocol relationships table,11,active,2.0.0,2.0.0,,
fullDictionarySheetSetprotocols,fullDictionarySheetSet,dictSets,protocols,Protocols table,12,active,2.0.0,2.0.0,,
fullDictionarySheetSetprotocolSteps,fullDictionarySheetSet,dictSets,protocolSteps,Protocol steps table,13,active,2.0.0,2.0.0,,
fullDictionarySheetSetqualityReports,fullDictionarySheetSet,dictSets,qualityReports,Quality reports table,14,active,2.0.0,2.0.0,,
fullDictionarySheetSetsampleRelationships,fullDictionarySheetSet,dictSets,sampleRelationships,Sample relationships table,15,active,2.0.0,2.0.0,,
fullDictionarySheetSetsamples,fullDictionarySheetSet,dictSets,samples,Sample report table,16,active,2.0.0,2.0.0,,
fullDictionarySheetSetsets,fullDictionarySheetSet,dictSets,sets,Sets look-up table,17,active,2.0.0,2.0.0,,
fullDictionarySheetSetsites,fullDictionarySheetSet,dictSets,sites,Sites table,18,active,2.0.0,2.0.0,,
fullDictionarySheetSetsummary,fullDictionarySheetSet,dictSets,summary,Summary worksheet,20,active,2.0.0,2.0.0,,
fullDictionarySheetSettranslations,fullDictionarySheetSet,dictSets,translations,Translation look-up table,19,active,2.0.0,2.0.0,,
fullDictionarySheetSetwideNames,fullDictionarySheetSet,dictSets,wideNames,Wide name table,24,active,2.0.0,2.0.0,,
fullDictionarySheetSetzones,fullDictionarySheetSet,dictSets,zones,Zones look-up table,23,active,2.1.0,2.1.0,,
geneticUnitSetboc,geneticUnitSet,unitSets,boc,Breadth of coverage (>=5x depth),1,active,2.0.0,2.0.0,,
geneticUnitSetct,geneticUnitSet,unitSets,ct,Cycle threshold or quantification cycle (Ct or Cq),16,active,2.0.0,2.0.0,,
geneticUnitSetdet,geneticUnitSet,unitSets,det,Detected,3,active,2.0.0,2.0.0,,
geneticUnitSetdoc,geneticUnitSet,unitSets,doc,Depth of coverage,2,active,2.0.0,2.0.0,,
geneticUnitSetefficient,geneticUnitSet,unitSets,efficient,Efficiency,19,active,2.0.0,2.0.0,,
geneticUnitSetgc,geneticUnitSet,unitSets,gc,Gene copies,15,active,2.0.0,2.0.0,,
geneticUnitSetgcCrA,geneticUnitSet,unitSets,gcCrA,Gene copies per copy of crAssphage,9,active,2.0.0,2.0.0,,
geneticUnitSetgcD100,geneticUnitSet,unitSets,gcD100,"gene copies per day per 100,000",10,active,2.0.0,2.0.0,,
geneticUnitSetgCGS,geneticUnitSet,unitSets,gCGS,Gene copies per gram solids,11,active,2.0.0,2.0.0,,
geneticUnitSetgcL,geneticUnitSet,unitSets,gcL,Gene copies per L,4,active,2.0.0,2.0.0,,
geneticUnitSetgcMl,geneticUnitSet,unitSets,gcMl,Gene copies per mL,13,active,2.0.0,2.0.0,,
geneticUnitSetgcPpmov,geneticUnitSet,unitSets,gcPpmov,Gene copies per PMMoV copy,14,active,2.0.0,2.0.0,,
geneticUnitSetinter,geneticUnitSet,unitSets,inter,Intercept,18,active,2.0.0,2.0.0,,
geneticUnitSetpercRec,geneticUnitSet,unitSets,percRec,Percent recovery,5,active,2.0.0,2.0.0,,
geneticUnitSetprop,geneticUnitSet,unitSets,prop,Proportion of total,6,active,2.0.0,2.0.0,,
geneticUnitSetpropV,geneticUnitSet,unitSets,propV,Proportion of variant in sample,7,active,2.0.0,2.0.0,,
geneticUnitSetr2,geneticUnitSet,unitSets,r2,R squared,20,active,2.0.0,2.0.0,,
geneticUnitSetslope,geneticUnitSet,unitSets,slope,slope,17,active,2.0.0,2.0.0,,
genMissingnessSetNA,genMissingnessSet,missingnessSets,NA,Not applicable,999,active,2.0.0,2.0.0,,
genMissingnessSetnan,genMissingnessSet,missingnessSets,nan,Not a number,888,active,2.0.0,2.0.0,,
genMissingnessSetnr,genMissingnessSet,missingnessSets,nr,Not reported,777,active,2.0.0,2.0.0,,
genMissingnessSetnull,genMissingnessSet,missingnessSets,null,Null,555,active,2.0.0,2.0.0,,
genMissingnessSetundisc,genMissingnessSet,missingnessSets,undisc,Undisclosed,666,active,2.0.0,2.0.0,,
genQualitySetmI,genQualitySet,qualityIndSets,mI,Multiple issues,3,active,2.0.0,2.0.0,,
genQualitySetnoConcern,genQualitySet,qualityIndSets,noConcern,No quality concerns,1,active,2.0.0,2.0.0,,
genQualitySetqf1,genQualitySet,qualityIndSets,qf1,Quality concerns,2,active,2.0.0,2.0.0,,
geoTypeSethlthReg,geoTypeSet,mmaSets,hlthReg,Sewer Network Health Region,1,active,1.0.0,2.0.0,,
geoTypeSetswrSet,geoTypeSet,mmaSets,swrSet,Sewer catchment area,2,active,1.0.0,2.0.0,,
humanCompartmentSethum,humanCompartmentSet,compartmentSets,hum,Human compartment,1,active,2.0.0,2.0.0,,
inhibitionSetserialDilution,inhibitionSet,mmaSets,serialDilution,Serial dilution,1,active,2.0.0,2.0.0,,
inhibitionSetspike,inhibitionSet,mmaSets,spike,Spike matrix and recovery,2,active,2.0.0,2.0.0,,
insTypeSetaas,insTypeSet,mmaSets,aas,Atline Analyzer,1,active,1.0.0,2.0.0,,
insTypeSethma,insTypeSet,mmaSets,hma,Hand Measurement,2,active,1.0.0,2.0.0,,
insTypeSetinstrumentTypeOther,insTypeSet,mmaSets,instrumentTypeOther,Other instrument,3,active,1.0.0,2.0.0,,
insTypeSetola,insTypeSet,mmaSets,ola,Lab Analysis,4,active,1.0.0,2.0.0,,
insTypeSetonse,insTypeSet,mmaSets,onse,Online Sensor,5,active,1.0.0,2.0.0,,
licSetafl30,licSet,mmaSets,afl30,Academic Free License v3.0,1,active,2.2.0,2.2.0,,
licSetagpl30,licSet,mmaSets,agpl30,GNU Affero General Public License v3.0,20,active,2.2.0,2.2.0,,
licSetapache20,licSet,mmaSets,apache20,Apache license 2.0,2,active,2.2.0,2.2.0,,
licSetartistic20,licSet,mmaSets,artistic20,Artistic license 2.0,3,active,2.2.0,2.2.0,,
licSetbsd0,licSet,mmaSets,bsd0,BSD Zero-Clause license,9,active,2.2.0,2.2.0,,
licSetbsd2Clause,licSet,mmaSets,bsd2Clause,"BSD 2-clause ""Simplified"" license",5,active,2.2.0,2.2.0,,
licSetbsd3Clause,licSet,mmaSets,bsd3Clause,"BSD 3-clause ""New"" or ""Revised"" license",6,active,2.2.0,2.2.0,,
licSetbsd3ClauseClear,licSet,mmaSets,bsd3ClauseClear,BSD 3-clause Clear license,7,active,2.2.0,2.2.0,,
licSetbsd4Clause,licSet,mmaSets,bsd4Clause,"BSD 4-clause ""Original"" or ""Old"" license",8,active,2.2.0,2.2.0,,
licSetbsl10,licSet,mmaSets,bsl10,Boost Software License 1.0,4,active,2.2.0,2.2.0,,
licSetcc010,licSet,mmaSets,cc010,Creative Commons Zero v1.0 Universal,11,active,2.2.0,2.2.0,,
licSetccby40,licSet,mmaSets,ccby40,Creative Commons Attribution 4.0,12,active,2.2.0,2.2.0,,
licSetccbysa40,licSet,mmaSets,ccbysa40,Creative Commons Attribution ShareAlike 4.0,13,active,2.2.0,2.2.0,,
licSetcecill21,licSet,mmaSets,cecill21,CeCILL Free Software License Agreement v2.1,10,active,2.2.0,2.2.0,,
licSetecl20,licSet,mmaSets,ecl20,Educational Community License v2.0,15,active,2.2.0,2.2.0,,
licSetepl10,licSet,mmaSets,epl10,Eclipse Public License 1.0,16,active,2.2.0,2.2.0,,
licSetepl20,licSet,mmaSets,epl20,Eclipse Public License 2.0,17,active,2.2.0,2.2.0,,
licSeteupl11,licSet,mmaSets,eupl11,European Union Public License 1.1,18,active,2.2.0,2.2.0,,
licSeteupl12,licSet,mmaSets,eupl12,European Union Public License 1.2,19,active,2.2.0,2.2.0,,
licSetgfdl13,licSet,mmaSets,gfdl13,GNU Free Documentation License v1.3,21,active,2.2.0,2.2.0,,
licSetgpl20,licSet,mmaSets,gpl20,GNU General Public License v2.0,22,active,2.2.0,2.2.0,,
licSetgpl30,licSet,mmaSets,gpl30,GNU General Public License v3.0,23,active,2.2.0,2.2.0,,
licSetisc,licSet,mmaSets,isc,ISC,27,active,2.2.0,2.2.0,,
licSetlgpl21,licSet,mmaSets,lgpl21,GNU Lesser General Public License v2.1,25,active,2.2.0,2.2.0,,
licSetlgpl30,licSet,mmaSets,lgpl30,GNU Lesser General Public License v3.0,26,active,2.2.0,2.2.0,,
licSetlppl13c,licSet,mmaSets,lppl13c,LaTeX Project Public License v1.3c,28,active,2.2.0,2.2.0,,
licSetmit,licSet,mmaSets,mit,MIT,31,active,2.2.0,2.2.0,,
licSetmit0,licSet,mmaSets,mit0,MIT No Attribution,30,active,2.2.0,2.2.0,,
licSetmpl20,licSet,mmaSets,mpl20,Mozilla Public License 2.0,32,active,2.2.0,2.2.0,,
licSetmspl,licSet,mmaSets,mspl,Microsoft Public License,29,active,2.2.0,2.2.0,,
licSetmulanPSL20,licSet,mmaSets,mulanPSL20,"Mulan Permissive Software License, Version 2",24,active,2.2.0,2.2.0,,
licSetncsa,licSet,mmaSets,ncsa,University of Illinois/NCSA Open Source License,36,active,2.2.0,2.2.0,,
licSetofl11,licSet,mmaSets,ofl11,SIL Open Font License 1.1,35,active,2.2.0,2.2.0,,
licSetopen,licSet,mmaSets,open,Open license not otherwise described,39,active,2.2.0,2.2.0,,
licSetosl30,licSet,mmaSets,osl30,Open Software License 3.0,33,active,2.2.0,2.2.0,,
licSetpostgreSQL,licSet,mmaSets,postgreSQL,PostgreSQL License,34,active,2.2.0,2.2.0,,
licSetprivate,licSet,mmaSets,private,Private data - not for disemination,40,active,2.2.0,2.2.0,,
licSetunlicense,licSet,mmaSets,unlicense,The Unlicense,37,active,2.2.0,2.2.0,,
licSetwtfpl,licSet,mmaSets,wtfpl,Do What The F*ck You Want To Public License,14,active,2.2.0,2.2.0,,
licSetzlib,licSet,mmaSets,zlib,zLib License,38,active,2.2.0,2.2.0,,
linearAggrSetfloMean,linearAggrSet,aggregationSets,floMean,Flow-normalized mean,7,active,2.0.0,2.0.0,,
linearAggrSetlowerCI95,linearAggrSet,aggregationSets,lowerCI95,Lower limit of a 95% confidence interval,6,active,2.0.0,2.0.0,,
linearAggrSetmaxVal,linearAggrSet,aggregationSets,maxVal,Maximum value,8,active,2.0.0,2.0.0,,
linearAggrSetme,linearAggrSet,aggregationSets,me,Arithmetic mean,9,active,2.0.0,2.0.0,,
linearAggrSetmed,linearAggrSet,aggregationSets,med,Median,10,active,2.0.0,2.0.0,,
linearAggrSetmenr,linearAggrSet,aggregationSets,menr,Normalized arithmetic mean,5,active,1.0.0,2.0.0,,
linearAggrSetminVal,linearAggrSet,aggregationSets,minVal,Minimum value,11,active,2.0.0,2.0.0,,
linearAggrSetpmFloMean,linearAggrSet,aggregationSets,pmFloMean,PMMoV- and flow-normalized mean,1,active,2.0.0,2.0.0,,
linearAggrSetpmmovNorm,linearAggrSet,aggregationSets,pmmovNorm,PMMoV-normalized mean,2,active,2.0.0,2.0.0,,
linearAggrSetsd,linearAggrSet,aggregationSets,sd,Standard deviation,12,active,2.0.0,2.0.0,,
linearAggrSetsdn,linearAggrSet,aggregationSets,sdn,Normalized standard deviation,4,active,1.0.0,2.0.0,,
linearAggrSetsin,linearAggrSet,aggregationSets,sin,Single,13,active,2.0.0,2.0.0,,
linearAggrSetupperCI95,linearAggrSet,aggregationSets,upperCI95,Upper limit of a 95% confidence interval,3,active,2.0.0,2.0.0,,
listSetaggregations,listSet,dictSets,aggregations,Aggregations,3,active,2.0.0,2.0.0,,
listSetaggregationScales,listSet,dictSets,aggregationScales,Aggregation scales,2,active,2.0.0,2.0.0,,
listSetattributes,listSet,dictSets,attributes,Attributes,4,active,2.0.0,2.0.0,,
listSetclasses,listSet,dictSets,classes,Classes,5,active,2.0.0,2.0.0,,
listSetcompartments,listSet,dictSets,compartments,Compartments,6,active,2.0.0,2.0.0,,
listSetdataTypes,listSet,dictSets,dataTypes,Data types,1,active,2.0.0,2.0.0,,
listSetdomains,listSet,dictSets,domains,Domains,7,active,2.0.0,2.0.0,,
listSetgroups,listSet,dictSets,groups,Groups,8,active,2.0.0,2.0.0,,
listSetmeasurements,listSet,dictSets,measurements,Measures,9,active,2.0.0,2.0.0,,
listSetmethods,listSet,dictSets,methods,Methods,10,active,2.0.0,2.0.0,,
listSetmissingness,listSet,dictSets,missingness,Missingness,11,active,2.0.0,2.0.0,,
listSetnomenclatures,listSet,dictSets,nomenclatures,Nomenclatures,12,active,2.0.0,2.0.0,,
listSetqualityIndicators,listSet,dictSets,qualityIndicators,Quality indicators,13,active,2.0.0,2.0.0,,
listSetspecimens,listSet,dictSets,specimens,Specimens,14,active,2.0.0,2.0.0,,
listSettables,listSet,dictSets,tables,Tables,15,active,2.0.0,2.0.0,,
listSetunits,listSet,dictSets,units,Units,16,active,2.0.0,2.0.0,,
logAggrSetfloMean,logAggrSet,aggregationSets,floMean,Flow-normalized mean,5,active,2.0.0,2.0.0,,
logAggrSetgmn,logAggrSet,aggregationSets,gmn,Geometric mean,7,active,2.0.0,2.0.0,,
logAggrSetlowerCI95,logAggrSet,aggregationSets,lowerCI95,Lower limit of a 95% confidence interval,4,active,2.0.0,2.0.0,,
logAggrSetmaxVal,logAggrSet,aggregationSets,maxVal,Maximum value,8,active,2.0.0,2.0.0,,
logAggrSetminVal,logAggrSet,aggregationSets,minVal,Minimum value,9,active,2.0.0,2.0.0,,
logAggrSetngmn,logAggrSet,aggregationSets,ngmn,Normalized geometric mean,6,active,1.0.0,2.0.0,,
logAggrSetpmFloMean,logAggrSet,aggregationSets,pmFloMean,PMMoV- and flow-normalized mean,1,active,2.0.0,2.0.0,,
logAggrSetpmmovNorm,logAggrSet,aggregationSets,pmmovNorm,PMMoV-normalized mean,2,active,2.0.0,2.0.0,,
logAggrSetsin,logAggrSet,aggregationSets,sin,Single,10,active,2.0.0,2.0.0,,
logAggrSetupperCI95,logAggrSet,aggregationSets,upperCI95,Upper limit of a 95% confidence interval,3,active,2.0.0,2.0.0,,
measQualitySetbeLOD,measQualitySet,qualityIndSets,beLOD,Below LOD,22,active,2.2.0,2.2.0,,
measQualitySetexpFail,measQualitySet,qualityIndSets,expFail,Experiment Failed,6,active,2.0.0,2.0.0,,
measQualitySetflagAI,measQualitySet,qualityIndSets,flagAI,AI - Inhibition present but addressed,4,active,2.0.0,2.0.0,,
measQualitySetflagB,measQualitySet,qualityIndSets,flagB,B - Trace levels of contamination,5,active,2.0.0,2.0.0,,
measQualitySetflagFI,measQualitySet,qualityIndSets,flagFI,FI - Inhibition present and unaddressed,7,active,2.0.0,2.0.0,,
measQualitySetflagJ,measQualitySet,qualityIndSets,flagJ,J - Weak signal extrapolation,8,active,2.0.0,2.0.0,,
measQualitySetflagND,measQualitySet,qualityIndSets,flagND,ND - Non-detect,9,active,2.0.0,2.0.0,,
measQualitySetflagUJ,measQualitySet,qualityIndSets,flagUJ,UJ - Trace signal extrapolation,11,active,2.0.0,2.0.0,,
measQualitySetflagUQ,measQualitySet,qualityIndSets,flagUQ,UQ - Unquantifiable,12,active,2.0.0,2.0.0,,
measQualitySetlBC,measQualitySet,qualityIndSets,lBC,Low breadth of coverage,14,active,2.0.0,2.0.0,,
measQualitySetlDC,measQualitySet,qualityIndSets,lDC,Low depth of coverage,15,active,2.0.0,2.0.0,,
measQualitySetmI,measQualitySet,qualityIndSets,mI,Multiple issues,3,active,2.0.0,2.0.0,,
measQualitySetnoConcern,measQualitySet,qualityIndSets,noConcern,No quality concerns,1,active,2.0.0,2.0.0,,
measQualitySetnoTime,measQualitySet,qualityIndSets,noTime,Sample missing time stamp,16,active,2.0.0,2.0.0,,
measQualitySetntcAmp,measQualitySet,qualityIndSets,ntcAmp,NTC Amplification Detected,23,active,2.2.0,2.2.0,,
measQualitySetoor,measQualitySet,qualityIndSets,oor,Value out of range,20,active,2.0.0,2.0.0,,
measQualitySetout,measQualitySet,qualityIndSets,out,Value is an outlier,21,active,2.0.0,2.0.0,,
measQualitySetqf1,measQualitySet,qualityIndSets,qf1,Quality concerns,2,active,2.0.0,2.0.0,,
measQualitySetsC,measQualitySet,qualityIndSets,sC,Sparse coverage,17,active,2.0.0,2.0.0,,
measQualitySetwi,measQualitySet,qualityIndSets,wi,Wide 95% interval,19,active,2.0.0,2.0.0,,
methodConcSetaloh3,methodConcSet,mmaSets,aloh3,Aloh3 precipitation,1,active,2.0.0,2.0.0,,
methodConcSetamiconUf,methodConcSet,mmaSets,amiconUf,Amicon ultrafiltration,2,active,2.0.0,2.0.0,,
methodConcSetbeeExtractFloc,methodConcSet,mmaSets,beeExtractFloc,Beef extract flocculation,3,active,2.0.0,2.0.0,,
methodConcSetcentriconUf,methodConcSet,mmaSets,centriconUf,Centricon ultrafiltration,4,active,2.0.0,2.0.0,,
methodConcSetceres,methodConcSet,mmaSets,ceres,Ceres nanotrap,5,active,2.0.0,2.0.0,,
methodConcSethollowFiberUF,methodConcSet,mmaSets,hollowFiberUF,Hollow fiber dead end ultrafiltration,6,active,2.0.0,2.0.0,,
methodConcSetinnovaprepUF,methodConcSet,mmaSets,innovaprepUF,Innovaprep ultrafiltration,7,active,2.0.0,2.0.0,,
methodConcSetmemMgCl3,methodConcSet,mmaSets,memMgCl3,membrane filtration with addition of mgcl3,23,active,2.2.0,2.2.0,,
methodConcSetmfAcidmgcl2,methodConcSet,mmaSets,mfAcidmgcl2,Membrane filtration with acidification and mgcl2,11,active,2.0.0,2.0.0,,
methodConcSetmfAcidmgcl2SS,methodConcSet,mmaSets,mfAcidmgcl2SS,"Membrane filtration with acidification and mgcl2, membrane recombined with separated solids",12,active,2.0.0,2.0.0,,
methodConcSetmfMgcl2,methodConcSet,mmaSets,mfMgcl2,Membrane filtration with addition of mgcl2,13,active,2.0.0,2.0.0,,
methodConcSetmfMgcl2SS,methodConcSet,mmaSets,mfMgcl2SS,Membrane filtration with  mgcl2 and separated solids,14,active,2.0.0,2.0.0,,
methodConcSetmfNoAmend,methodConcSet,mmaSets,mfNoAmend,Membrane filtration with no amendment,15,active,2.0.0,2.0.0,,
methodConcSetmfNoAmendSS,methodConcSet,mmaSets,mfNoAmendSS,"Membrane filtration with no amendment, membrane recombined with separated solids",16,active,2.0.0,2.0.0,,
methodConcSetmfSampleAcid,methodConcSet,mmaSets,mfSampleAcid,Membrane filtration with sample acidification,17,active,2.0.0,2.0.0,,
methodConcSetmfSampleAcidSS,methodConcSet,mmaSets,mfSampleAcidSS,"Membrane filtration with sample acidification, membrane recombined with separated solids",18,active,2.0.0,2.0.0,,
methodConcSetnoliquid,methodConcSet,mmaSets,noliquid,"No liquid concentration, liquid recombined with separated solids",19,active,2.0.0,2.0.0,,
methodConcSetnoSep,methodConcSet,mmaSets,noSep,No Seperation or Concentration,20,active,2.2.0,2.2.0,,
methodConcSetpeg,methodConcSet,mmaSets,peg,Polyethyleneglycol (PEG) precipitation,8,active,2.0.0,2.0.0,,
methodConcSetpromegaLVTNA,methodConcSet,mmaSets,promegaLVTNA,promega wastewater large volume tna capture kit,21,active,2.2.0,2.2.0,,
methodConcSetskimMilkFloc,methodConcSet,mmaSets,skimMilkFloc,Skimmed milk flocculation,9,active,2.0.0,2.0.0,,
methodConcSetuntracent,methodConcSet,mmaSets,untracent,Ultracentrifugation,10,active,2.0.0,2.0.0,,
methodConcSetwatConcBuff,methodConcSet,mmaSets,watConcBuff,water concentrating buffer (R2042-1),24,active,2.2.0,2.2.0,,
methodConcSetzymoWatRNA,methodConcSet,mmaSets,zymoWatRNA,zymo environ water rna kit/ zymo environ water rna kit (cat. r2042),22,active,2.2.0,2.2.0,,
naAggrSetnaAggr,naAggrSet,aggregationSets,naAggr,Aggregation not applicable,1,active,2.0.0,2.0.0,,
naCompartmentSetnaCompartment,naCompartmentSet,compartmentSets,naCompartment,Compartment not applicable,1,active,2.0.0,2.0.0,,
naSpecimenSetnaSpecimen,naSpecimenSet,specimenSets,naSpecimen,Specimen not applicable,1,active,2.0.0,2.0.0,,
naUnitSetnaUnit,naUnitSet,unitSets,naUnit,Unit not applicable,1,active,2.0.0,2.0.0,,
nrNAMissingnessSetNA,nrNAMissingnessSet,missingnessSets,NA,Not applicable,999,active,2.0.0,2.0.0,,
nrNAMissingnessSetnr,nrNAMissingnessSet,missingnessSets,nr,Not reported,777,active,2.0.0,2.0.0,,
orgLevelSetadmRegLevel,orgLevelSet,mmaSets,admRegLevel,Administrative regions,4,active,2.0.0,2.0.0,,
orgLevelSetcountryLevel,orgLevelSet,mmaSets,countryLevel,Countries or sovereign states,5,active,2.0.0,2.0.0,,
orgLevelSetcountyLevel,orgLevelSet,mmaSets,countyLevel,"Districts, counties, regions",6,active,2.0.0,2.0.0,,
orgLevelSetmunicipalLevel,orgLevelSet,mmaSets,municipalLevel,Municipalities or communes,2,active,2.0.0,2.0.0,,
orgLevelSetneighborLevel,orgLevelSet,mmaSets,neighborLevel,Local administrative units or neighborhoods,1,active,2.0.0,2.0.0,,
orgLevelSetstateProvLevel,orgLevelSet,mmaSets,stateProvLevel,"Departments, states, or provinces",3,active,2.0.0,2.0.0,,
orgSectorSetdataColl,orgSectorSet,mmaSets,dataColl,Data collection sector or organization,4,active,2.2.0,2.2.0,,
orgSectorSetfiNa,orgSectorSet,mmaSets,fiNa,First Nation,5,active,2.0.0,2.0.0,,
orgSectorSethealthAdm,orgSectorSet,mmaSets,healthAdm,Health administration or planning agency,4,active,2.0.0,2.0.0,,
orgSectorSetpolicy,orgSectorSet,mmaSets,policy,Policy and political sector or organization,7,active,2.2.0,2.2.0,,
orgSectorSetpubHealth,orgSectorSet,mmaSets,pubHealth,Public health agency,5,active,2.0.0,2.0.0,,
orgSectorSetresearch,orgSectorSet,mmaSets,research,Research sector or organization,6,active,2.2.0,2.2.0,,
orgSectorSetutilities,orgSectorSet,mmaSets,utilities,Utilities sector or organization,3,active,2.2.0,2.2.0,,
orgTypeSetacadem,orgTypeSet,mmaSets,academ,Academic institution,1,active,2.0.0,2.0.0,,
orgTypeSetgovt,orgTypeSet,mmaSets,govt,Government agency,2,active,2.0.0,2.0.0,,
orgTypeSetpriv,orgTypeSet,mmaSets,priv,Private sector,3,active,2.0.0,2.0.0,,
originSetderived,originSet,mmaSets,derived,Derived sample,1,active,2.0.0,2.0.0,,
originSetfield,originSet,mmaSets,field,Field sample,2,active,2.0.0,2.0.0,,
originSetsynthetic,originSet,mmaSets,synthetic,Synthetic sample,3,active,2.0.0,2.0.0,,
otherAggrSetfloMean,otherAggrSet,aggregationSets,floMean,Flow-normalized mean,6,active,2.0.0,2.0.0,,
otherAggrSetgmn,otherAggrSet,aggregationSets,gmn,Geometric mean,7,active,2.0.0,2.0.0,,
otherAggrSetlowerCI95,otherAggrSet,aggregationSets,lowerCI95,Lower limit of a 95% confidence interval,5,active,2.0.0,2.0.0,,
otherAggrSetmaxVal,otherAggrSet,aggregationSets,maxVal,Maximum value,9,active,2.0.0,2.0.0,,
otherAggrSetme,otherAggrSet,aggregationSets,me,Arithmetic mean,10,active,2.0.0,2.0.0,,
otherAggrSetmed,otherAggrSet,aggregationSets,med,Median,11,active,2.0.0,2.0.0,,
otherAggrSetmenr,otherAggrSet,aggregationSets,menr,Normalized arithmetic mean,3,active,1.0.0,2.0.0,,
otherAggrSetminVal,otherAggrSet,aggregationSets,minVal,Minimum value,8,active,2.0.0,2.0.0,,
otherAggrSetnaAggr,otherAggrSet,aggregationSets,naAggr,Aggregation not applicable,14,active,2.0.0,2.0.0,,
otherAggrSetngmn,otherAggrSet,aggregationSets,ngmn,Normalized geometric mean,4,active,1.0.0,2.0.0,,
otherAggrSetsd,otherAggrSet,aggregationSets,sd,Standard deviation,15,active,2.0.0,2.0.0,,
otherAggrSetsdn,otherAggrSet,aggregationSets,sdn,Normalized standard deviation,2,active,2.0.0,2.0.0,,
otherAggrSetsin,otherAggrSet,aggregationSets,sin,Single,16,active,2.0.0,2.0.0,,
otherAggrSetupperCI95,otherAggrSet,aggregationSets,upperCI95,Upper limit of a 95% confidence interval,1,active,2.0.0,2.0.0,,
otherReportTableSetdatasets,otherReportTableSet,dictSets,datasets,Dataset table,2,active,2.0.0,2.0.0,,
otherReportTableSetpolygons,otherReportTableSet,dictSets,polygons,Polygon table,1,active,2.0.0,2.0.0,,
outbreakSetoutbEnd,outbreakSet,mmaSets,outbEnd,Outbreak End,1,active,2.0.0,2.0.0,,
outbreakSetoutbOngoing,outbreakSet,mmaSets,outbOngoing,Outbreak - on-going,2,active,2.0.0,2.0.0,,
outbreakSetoutbStart,outbreakSet,mmaSets,outbStart,Outbreak start,3,active,2.0.0,2.0.0,,
pcrActSetanneal,pcrActSet,mmaSets,anneal,annealing/extension,4,active,2.0.0,2.0.0,,
pcrActSetdenat,pcrActSet,mmaSets,denat,denaturation,3,active,2.0.0,2.0.0,,
pcrActSetpa,pcrActSet,mmaSets,pa,polymerase activation,2,active,2.0.0,2.0.0,,
pcrActSetrt,pcrActSet,mmaSets,rt,reverse transcription,1,active,2.0.0,2.0.0,,
pcrQualitySetbeLOD,pcrQualitySet,qualityIndSets,beLOD,Below LOD,12,active,2.2.0,2.2.0,,
pcrQualitySetexpFail,pcrQualitySet,qualityIndSets,expFail,Experiment Failed,3,active,2.0.0,2.0.0,,
pcrQualitySetflagAI,pcrQualitySet,qualityIndSets,flagAI,AI - Inhibition present but addressed,1,active,2.0.0,2.0.0,,
pcrQualitySetflagB,pcrQualitySet,qualityIndSets,flagB,B - Trace levels of contamination,2,active,2.0.0,2.0.0,,
pcrQualitySetflagFI,pcrQualitySet,qualityIndSets,flagFI,FI - Inhibition present and unaddressed,4,active,2.0.0,2.0.0,,
pcrQualitySetflagJ,pcrQualitySet,qualityIndSets,flagJ,J - Weak signal extrapolation,5,active,2.0.0,2.0.0,,
pcrQualitySetflagND,pcrQualitySet,qualityIndSets,flagND,ND - Non-detect,6,active,2.0.0,2.0.0,,
pcrQualitySetflagUJ,pcrQualitySet,qualityIndSets,flagUJ,UJ - Trace signal extrapolation,8,active,2.0.0,2.0.0,,
pcrQualitySetflagUQ,pcrQualitySet,qualityIndSets,flagUQ,UQ - Unquantifiable,9,active,2.0.0,2.0.0,,
pcrQualitySetnoConcern,pcrQualitySet,qualityIndSets,noConcern,No quality concerns,7,active,2.0.0,2.0.0,,
pcrQualitySetntcAmp,pcrQualitySet,qualityIndSets,ntcAmp,NTC Amplification Detected,13,active,2.2.0,2.2.0,,
pcrQualitySetoor,pcrQualitySet,qualityIndSets,oor,Value out of range,10,active,2.0.0,2.0.0,,
pcrQualitySetout,pcrQualitySet,qualityIndSets,out,Value is an outlier,11,active,2.0.0,2.0.0,,
pcrSetbioRadDdpcr,pcrSet,mmaSets,bioRadDdpcr,Digital droplet emulsification PCR,1,active,2.0.0,2.0.0,,
pcrSetddpcr,pcrSet,mmaSets,ddpcr,Digital Droplet PCR (ddPCR),9,active,2.2.0,2.2.0,,
pcrSetdpcr,pcrSet,mmaSets,dpcr,Digital PCR (dPCR),8,active,2.2.0,2.2.0,,
pcrSetfluiDpcr,pcrSet,mmaSets,fluiDpcr,Fluidigm digital PCR,2,active,2.0.0,2.0.0,,
pcrSetltDpcr,pcrSet,mmaSets,ltDpcr,Life technologies digital PCR,3,active,2.0.0,2.0.0,,
pcrSetqgDpcr,pcrSet,mmaSets,qgDpcr,qiagen digital PCR,4,active,2.0.0,2.0.0,,
pcrSetqpcr,pcrSet,mmaSets,qpcr,Quantitative PCR,5,active,2.0.0,2.0.0,,
pcrSetrainDpcr,pcrSet,mmaSets,rainDpcr,Raindance digital PCR,6,active,2.0.0,2.0.0,,
pcrSetsinProbeOne,pcrSet,mmaSets,sinProbeOne,"Singleplex, probe-based, one-step RT-qPCR",7,active,2.2.0,2.2.0,,
populationUnitSetacti,populationUnitSet,unitSets,acti,Number of active cases,1,active,2.0.0,2.0.0,,
populationUnitSetconf,populationUnitSet,unitSets,conf,Number of confirmed cases,3,active,2.0.0,2.0.0,,
populationUnitSetconfEp,populationUnitSet,unitSets,confEp,Number of confirmed cases by episode date,4,active,2.0.0,2.0.0,,
populationUnitSetconfOn,populationUnitSet,unitSets,confOn,Number of confirmed Cases Onset date,5,active,2.0.0,2.0.0,,
populationUnitSetcuCo,populationUnitSet,unitSets,cuCo,Cumulative count,20,active,2.0.0,2.0.0,,
populationUnitSetdaiCo,populationUnitSet,unitSets,daiCo,Daily count,18,active,2.0.0,2.0.0,,
populationUnitSetdeath,populationUnitSet,unitSets,death,Deaths,19,active,2.0.0,2.0.0,,
populationUnitSethosa,populationUnitSet,unitSets,hosa,General Hospital Admissions,7,active,2.0.0,2.0.0,,
populationUnitSethosc,populationUnitSet,unitSets,hosc,Hospital Census,8,active,2.0.0,2.0.0,,
populationUnitSeticu,populationUnitSet,unitSets,icu,Intensive care unit patients,9,active,2.0.0,2.0.0,,
populationUnitSetnewVax,populationUnitSet,unitSets,newVax,Population of newly vaccinated persons,10,active,2.0.0,2.0.0,,
populationUnitSetpprt,populationUnitSet,unitSets,pprt,Percent positivity rate,11,active,2.0.0,2.0.0,,
populationUnitSetptot,populationUnitSet,unitSets,ptot,Number of positive tests,12,active,2.0.0,2.0.0,,
populationUnitSetrecov,populationUnitSet,unitSets,recov,Recovered patients,17,active,2.0.0,2.0.0,,
populationUnitSetrP100,populationUnitSet,unitSets,rP100,"Rate per 100,000",16,active,2.0.0,2.0.0,,
populationUnitSettest,populationUnitSet,unitSets,test,Number of tests performed,13,active,2.0.0,2.0.0,,
populationUnitSetvax1,populationUnitSet,unitSets,vax1,Population with 1 dose of vaccine,14,active,2.0.0,2.0.0,,
populationUnitSetvax2,populationUnitSet,unitSets,vax2,Population with 2 or more doses of vaccine,15,active,2.0.0,2.0.0,,
populationUnitSetvax3,populationUnitSet,unitSets,vax3,Population with 3 or more doses of vaccine,21,active,2.0.0,2.0.0,,
poSaSpecimenSetpo,poSaSpecimenSet,specimenSets,po,Population,1,active,2.0.0,2.0.0,,
poSaSpecimenSetsa,poSaSpecimenSet,specimenSets,sa,Sample,2,active,2.0.0,2.0.0,,
poSiSpecimenSetpo,poSiSpecimenSet,specimenSets,po,Population,1,active,2.0.0,2.0.0,,
poSiSpecimenSetsi,poSiSpecimenSet,specimenSets,si,Site,2,active,2.0.0,2.0.0,,
poSpecimenSetpo,poSpecimenSet,specimenSets,po,Population,1,active,2.0.0,2.0.0,,
precipitationUnitSetcm,precipitationUnitSet,unitSets,cm,Centimetres,1,active,2.0.0,2.0.0,,
precipitationUnitSetmm,precipitationUnitSet,unitSets,mm,Millimetres,2,active,2.0.0,2.0.0,,
primerSetarticV3,primerSet,mmaSets,articV3,Use of the articV3 primer,1,active,2.0.0,2.0.0,,
primerSetarticV4,primerSet,mmaSets,articV4,Use of the articV4 primer,2,active,2.0.0,2.0.0,,
primerSetbact16sABIFor,primerSet,mmaSets,bact16sABIFor,Bacteroides 16S forward primer (HF183) (ABI),11,active,2.2.0,2.2.0,,
primerSetbact16sABIRev,primerSet,mmaSets,bact16sABIRev,Bacteroides 16S reverse primer (BacR287) (ABI),12,active,2.2.0,2.2.0,,
primerSetcdcCovEIDTFor,primerSet,mmaSets,cdcCovEIDTFor,Sarbeco_E forward primer (IDT),9,active,2.2.0,2.2.0,,
primerSetcdcCovEIDTRev,primerSet,mmaSets,cdcCovEIDTRev,Sarbeco_E reverse primer (IDT),10,active,2.2.0,2.2.0,,
primerSetcdcCovN1IDTFor,primerSet,mmaSets,cdcCovN1IDTFor,2019-nCoV_N1 forward primer (IDT),3,active,2.2.0,2.2.0,,
primerSetcdcCovN1IDTRev,primerSet,mmaSets,cdcCovN1IDTRev,2019-nCoV_N1 reverse primer (IDT),4,active,2.2.0,2.2.0,,
primerSetcdcCovN2IDTFor,primerSet,mmaSets,cdcCovN2IDTFor,2019-nCoV_N2 forward primer (IDT),5,active,2.2.0,2.2.0,,
primerSetcdcCovN2IDTRev,primerSet,mmaSets,cdcCovN2IDTRev,2019-nCoV_N2 reverse primer (IDT),6,active,2.2.0,2.2.0,,
primerSetcdcCovN3IDTFor,primerSet,mmaSets,cdcCovN3IDTFor,2019-nCoV_N3 forward primer (IDT),7,active,2.2.0,2.2.0,,
primerSetcdcCovN3IDTRev,primerSet,mmaSets,cdcCovN3IDTRev,2019-nCoV_N3 reverse primer (IDT),8,active,2.2.0,2.2.0,,
primerSetpmmvABIFor,primerSet,mmaSets,pmmvABIFor,PMMV forward primer (ABI),13,active,2.2.0,2.2.0,,
primerSetpmmvABIRev,primerSet,mmaSets,pmmvABIRev,PMMV reverse primer (ABI),14,active,2.2.0,2.2.0,,
primerSetvsvABIFor,primerSet,mmaSets,vsvABIFor,VSV forward primer (ABI),15,active,2.2.0,2.2.0,,
primerSetvsvABIRev,primerSet,mmaSets,vsvABIRev,VSV reverse primer (ABI),16,active,2.2.0,2.2.0,,
protocolRelSetbefore,protocolRelSet,mmaSets,before,Is Before ,1,active,2.0.0,2.0.0,,
protocolRelSetconcurrent,protocolRelSet,mmaSets,concurrent,Is concurrent to,3,active,2.0.0,2.0.0,,
protocolRelSetspecifies,protocolRelSet,mmaSets,specifies,Specifies,2,active,2.0.0,2.0.0,,
protocolTableSetinstruments,protocolTableSet,dictSets,instruments,Instrument table,4,active,2.0.0,2.0.0,,
protocolTableSetprotocolRelationships,protocolTableSet,dictSets,protocolRelationships,Protocol relationships table,2,active,2.0.0,2.0.0,,
protocolTableSetprotocols,protocolTableSet,dictSets,protocols,Protocols table,1,active,2.0.0,2.0.0,,
protocolTableSetprotocolSteps,protocolTableSet,dictSets,protocolSteps,Protocol steps table,3,active,2.0.0,2.0.0,,
purposeSeteducation,purposeSet,mmaSets,education,Education,1,active,2.0.0,2.0.0,,
purposeSetmultiple,purposeSet,mmaSets,multiple,Multiple Purpose,2,active,2.0.0,2.0.0,,
purposeSetprovisional,purposeSet,mmaSets,provisional,Provisional report,3,active,2.0.0,2.0.0,,
purposeSetqualityControl,purposeSet,mmaSets,qualityControl,Quality control,4,active,2.0.0,2.0.0,,
purposeSetregular,purposeSet,mmaSets,regular,Regular,5,active,2.0.0,2.0.0,,
purposeSettesting,purposeSet,mmaSets,testing,Testing,6,active,2.0.0,2.0.0,,
purposeSetvalidationStudy,purposeSet,mmaSets,validationStudy,Validation study,7,active,2.0.0,2.0.0,,
regularReportTableSetmeasures,regularReportTableSet,dictSets,measures,Measure report table,1,active,2.0.0,2.0.0,,
regularReportTableSetsamples,regularReportTableSet,dictSets,samples,Sample report table,2,active,2.0.0,2.0.0,,
relHumidUnitSetperc,relHumidUnitSet,unitSets,perc,Percent,1,active,2.0.0,2.0.0,,
replicateSetcolocated,replicateSet,mmaSets,colocated,Co-located sample,1,active,2.0.0,2.0.0,,
replicateSetfieldReplicate,replicateSet,mmaSets,fieldReplicate,Field sample replicate,2,active,2.0.0,2.0.0,,
replicateSetlabDuplicate,replicateSet,mmaSets,labDuplicate,Laboratory duplicate ,3,active,2.0.0,2.0.0,,
replicateSetlcsd,replicateSet,mmaSets,lcsd,Laboratory control sample duplicate,4,active,2.0.0,2.0.0,,
replicateSetmsd,replicateSet,mmaSets,msd,Matrix spike duplicate,5,active,2.0.0,2.0.0,,
replicateSetunique,replicateSet,mmaSets,unique,Unique sample,6,active,2.0.0,2.0.0,,
resusSetelutionBuff,resusSet,mmaSets,elutionBuff,Elution buffer,1,active,2.2.0,2.2.0,,
retElSeteluate,retElSet,mmaSets,eluate,Eluate/Resuspended filter material retained,3,active,2.2.0,2.2.0,,
retElSetliquid,retElSet,mmaSets,liquid,Liquid/Supernatant retained,2,active,2.2.0,2.2.0,,
retElSetsolid,retElSet,mmaSets,solid,Solids/Pellet retained,1,active,2.2.0,2.2.0,,
sampleMatSetafu,sampleMatSet,mmaSets,afu,Air filter,1,active,2.0.0,2.0.0,,
sampleMatSetdesk,sampleMatSet,mmaSets,desk,Desk or counter,2,active,2.0.0,2.0.0,,
sampleMatSetfaeces,sampleMatSet,mmaSets,faeces,Fecal matter,3,active,1.0.0,2.0.0,,
sampleMatSetfloor,sampleMatSet,mmaSets,floor,Floor,4,active,2.0.0,2.0.0,,
sampleMatSethtSam,sampleMatSet,mmaSets,htSam,Holding tank wastewater,5,active,2.0.0,2.0.0,,
sampleMatSetnww,sampleMatSet,mmaSets,nww,Water,6,active,1.0.0,2.0.0,,
sampleMatSetpEfflu,sampleMatSet,mmaSets,pEfflu,Primary clarifier effluent,7,active,1.0.0,2.0.0,,
sampleMatSetpSludge,sampleMatSet,mmaSets,pSludge,Primary clarifier sludge,8,active,1.0.0,2.0.0,,
sampleMatSetpstGrit,sampleMatSet,mmaSets,pstGrit,Post-grit,9,active,1.0.0,2.0.0,,
sampleMatSetrawWW,sampleMatSet,mmaSets,rawWW,Raw sewage at site,10,active,1.0.0,2.0.0,,
sampleMatSetrawWWdown,sampleMatSet,mmaSets,rawWWdown,Raw sewage downstream from a site,11,active,2.0.0,2.0.0,,
sampleMatSetrawWWup,sampleMatSet,mmaSets,rawWWup,Raw sewage upstream from a site,12,active,2.0.0,2.0.0,,
sampleMatSetsEfflu,sampleMatSet,mmaSets,sEfflu,Secondary clarifier effluent,13,active,1.0.0,2.0.0,,
sampleMatSetseptage,sampleMatSet,mmaSets,septage,Septic tank wastewater,14,active,1.0.0,2.0.0,,
sampleMatSetsSludge,sampleMatSet,mmaSets,sSludge,Secondary clarifier sludge,15,active,1.0.0,2.0.0,,
sampleMatSetsurface,sampleMatSet,mmaSets,surface,Other surface,16,active,2.0.0,2.0.0,,
sampleMatSetswrSed,sampleMatSet,mmaSets,swrSed,Sewer sediment,17,active,1.0.0,2.0.0,,
sampleQualitySetfrozen,sampleQualitySet,qualityIndSets,frozen,Sample frozen,1,active,2.0.0,2.0.0,,
sampleQualitySetleaked,sampleQualitySet,qualityIndSets,leaked,Leaked sample,2,active,2.0.0,2.0.0,,
sampleQualitySetlowVol,sampleQualitySet,qualityIndSets,lowVol,Low-volume sample,3,active,2.0.0,2.0.0,,
sampleQualitySetnoConcern,sampleQualitySet,qualityIndSets,noConcern,No quality concerns,8,active,2.0.0,2.0.0,,
sampleQualitySetnoLabel,sampleQualitySet,qualityIndSets,noLabel,Sample not labelled,4,active,2.0.0,2.0.0,,
sampleQualitySetnoTime,sampleQualitySet,qualityIndSets,noTime,Sample missing time stamp,5,active,2.0.0,2.0.0,,
sampleQualitySetspill,sampleQualitySet,qualityIndSets,spill,Sample spilled,6,active,2.0.0,2.0.0,,
sampleQualitySetwrongStorage,sampleQualitySet,qualityIndSets,wrongStorage,Sample stored incorrectly,7,active,2.0.0,2.0.0,,
sampleQualitySetwrongTemp,sampleQualitySet,qualityIndSets,wrongTemp,Sample stored at wrong temperature,9,active,2.0.0,2.0.0,,
sampleRelSetchild,sampleRelSet,mmaSets,child,Child relationship,1,active,1.0.0,2.0.0,,
sampleRelSetcolocated,sampleRelSet,mmaSets,colocated,Co-located sample,2,active,2.0.0,2.0.0,,
sampleRelSetfieldReplicate,sampleRelSet,mmaSets,fieldReplicate,Field sample replicate,3,active,2.0.0,2.0.0,,
sampleRelSetlabDuplicate,sampleRelSet,mmaSets,labDuplicate,Laboratory duplicate ,5,active,2.0.0,2.0.0,,
sampleRelSetlcsd,sampleRelSet,mmaSets,lcsd,Laboratory control sample duplicate,6,active,2.0.0,2.0.0,,
sampleRelSetmsd,sampleRelSet,mmaSets,msd,Matrix spike duplicate,4,active,2.0.0,2.0.0,,
saSpecimenSetsa,saSpecimenSet,specimenSets,sa,Sample,1,active,2.0.0,2.0.0,,
scriptSetfreyja,scriptSet,mmaSets,freyja,Freyja Script,2,active,2.0.0,2.0.0,,
scriptSetgromstole,scriptSet,mmaSets,gromstole,Gromstole 1.0 Script,1,active,2.0.0,2.0.0,,
seqLaySetmateLay,seqLaySet,mmaSets,mateLay,Mate pair layout,3,active,2.0.0,2.0.0,,
seqLaySetpairLay,seqLaySet,mmaSets,pairLay,Paired Layout,2,active,2.0.0,2.0.0,,
seqLaySetsinLay,seqLaySet,mmaSets,sinLay,Single Layout,1,active,2.0.0,2.0.0,,
seqQualitySetbeLOD,seqQualitySet,qualityIndSets,beLOD,Below LOD,10,active,2.2.0,2.2.0,,
seqQualitySetexpFail,seqQualitySet,qualityIndSets,expFail,Experiment Failed,1,active,2.0.0,2.0.0,,
seqQualitySetlBC,seqQualitySet,qualityIndSets,lBC,Low breadth of coverage,2,active,2.0.0,2.0.0,,
seqQualitySetlDC,seqQualitySet,qualityIndSets,lDC,Low depth of coverage,3,active,2.0.0,2.0.0,,
seqQualitySetnoConcern,seqQualitySet,qualityIndSets,noConcern,No quality concerns,6,active,2.0.0,2.0.0,,
seqQualitySetnoTime,seqQualitySet,qualityIndSets,noTime,Sample missing time stamp,4,active,2.0.0,2.0.0,,
seqQualitySetntcAmp,seqQualitySet,qualityIndSets,ntcAmp,NTC Amplification Detected,11,active,2.2.0,2.2.0,,
seqQualitySetoor,seqQualitySet,qualityIndSets,oor,Value out of range,8,active,2.0.0,2.0.0,,
seqQualitySetout,seqQualitySet,qualityIndSets,out,Value is an outlier,9,active,2.0.0,2.0.0,,
seqQualitySetsC,seqQualitySet,qualityIndSets,sC,Sparse coverage,5,active,2.0.0,2.0.0,,
seqQualitySetwi,seqQualitySet,qualityIndSets,wi,Wide 95% interval,7,active,2.0.0,2.0.0,,
seqSelSetpcrSeq,seqSelSet,mmaSets,pcrSeq,PCR sequencingsSelection method,2,active,2.0.0,2.0.0,,
seqSelSetranSeq,seqSelSet,mmaSets,ranSeq,Random sequencing selection method,1,active,2.0.0,2.0.0,,
seqStratSetamp,seqStratSet,mmaSets,amp,Amplicon sequencing,1,active,2.0.0,2.0.0,,
seqStratSetwgs,seqStratSet,mmaSets,wgs,Whole genome sequencing,2,active,2.0.0,2.0.0,,
sevSethigh,sevSet,mmaSets,high,High severity,3,active,2.0.0,2.0.0,,
sevSetlow,sevSet,mmaSets,low,Low severity,1,active,2.0.0,2.0.0,,
sevSetmid,sevSet,mmaSets,mid,Mid-level severity,2,active,2.0.0,2.0.0,,
shedSetairpln,shedSet,mmaSets,airpln,Airplane,1,active,1.0.0,2.0.0,,
shedSetairport,shedSet,mmaSets,airport,Airport,18,active,2.0.0,2.0.0,,
shedSetccc,shedSet,mmaSets,ccc,Long-term acute care hospital,2,active,2.0.0,2.0.0,,
shedSetcdc,shedSet,mmaSets,cdc,Child day care,3,active,2.0.0,2.0.0,,
shedSetcommFacOth,shedSet,mmaSets,commFacOth,Commercial facility - not specified,20,active,2.0.0,2.0.0,,
shedSetcorFcil,shedSet,mmaSets,corFcil,Correctional facility,4,active,1.0.0,2.0.0,,
shedSetdorm,shedSet,mmaSets,dorm,Higher education domitory or residential building,5,active,2.0.0,2.0.0,,
shedSetfiNa,shedSet,mmaSets,fiNa,First Nation,6,active,2.0.0,2.0.0,,
shedSethosptl,shedSet,mmaSets,hosptl,Hospital,7,active,1.0.0,2.0.0,,
shedSetltcf,shedSet,mmaSets,ltcf,Long-term care facility,8,active,1.0.0,2.0.0,,
shedSetltcfAl,shedSet,mmaSets,ltcfAl,Long-term care - assisted living or retirement home,9,active,2.0.0,2.0.0,,
shedSetltcfO,shedSet,mmaSets,ltcfO,Other long-term care,10,active,2.0.0,2.0.0,,
shedSetmunicp,shedSet,mmaSets,municp,Municipality,11,active,2.0.0,2.0.0,,
shedSetneigh,shedSet,mmaSets,neigh,Neighbourhood,12,active,2.0.0,2.0.0,,
shedSetorb,shedSet,mmaSets,orb,Other residential building,13,active,2.0.0,2.0.0,,
shedSetschool,shedSet,mmaSets,school,School,14,active,1.0.0,2.0.0,,
shedSetship,shedSet,mmaSets,ship,Ship,15,active,2.0.0,2.0.0,,
shedSetsss,shedSet,mmaSets,sss,Social services shelter,16,active,2.0.0,2.0.0,,
shedSetterminal,shedSet,mmaSets,terminal,Airport terminal,19,active,2.0.0,2.0.0,,
shedSetuCampus,shedSet,mmaSets,uCampus,University campus,17,active,1.1.0,2.0.0,,
siSaSpecimenSetsa,siSaSpecimenSet,specimenSets,sa,Sample,1,active,2.0.0,2.0.0,,
siSaSpecimenSetsi,siSaSpecimenSet,specimenSets,si,Site,2,active,2.0.0,2.0.0,,
siSpecimenSetsi,siSpecimenSet,specimenSets,si,Site,1,active,2.0.0,2.0.0,,
siteTypeSetbSwrPpl,siteTypeSet,mmaSets,bSwrPpl,Branch sewer pipleline,1,active,1.0.0,2.0.0,,
siteTypeSetbuildCO,siteTypeSet,mmaSets,buildCO,Building cleanout,2,active,1.0.0,2.0.0,,
siteTypeSetestuary,siteTypeSet,mmaSets,estuary,"Estuary, natural water body",3,active,1.0.0,2.0.0,,
siteTypeSethtSite,siteTypeSet,mmaSets,htSite,Holding tank,5,active,1.0.0,2.0.0,,
siteTypeSetlagoon,siteTypeSet,mmaSets,lagoon,Lagoon system,6,active,1.0.0,2.0.0,,
siteTypeSetlake,siteTypeSet,mmaSets,lake,"Lake,  natural water body",4,active,1.0.0,2.0.0,,
siteTypeSetmSwrPpl,siteTypeSet,mmaSets,mSwrPpl,Major sewer pipeline,7,active,1.0.0,2.0.0,,
siteTypeSetocean,siteTypeSet,mmaSets,ocean,"Ocean, natural water body",8,active,1.0.0,2.0.0,,
siteTypeSetpStat,siteTypeSet,mmaSets,pStat,Pumping station,9,active,1.0.0,2.0.0,,
siteTypeSetretPond,siteTypeSet,mmaSets,retPond,Retention pond,10,active,1.0.0,2.0.0,,
siteTypeSetriver,siteTypeSet,mmaSets,river,"River, natural water body",11,active,1.0.0,2.0.0,,
siteTypeSetsea,siteTypeSet,mmaSets,sea,"Sea, natural water body",12,active,1.0.0,2.0.0,,
siteTypeSetseptTnk,siteTypeSet,mmaSets,septTnk,Septic tank,13,active,1.0.0,2.0.0,,
siteTypeSetstabPnd,siteTypeSet,mmaSets,stabPnd,Stabilization pond,14,active,1.0.0,2.0.0,,
siteTypeSetswgTrck,siteTypeSet,mmaSets,swgTrck,Sewage truck,15,active,1.0.0,2.0.0,,
siteTypeSetupstream,siteTypeSet,mmaSets,upstream,Upstream sites,20,active,1.0.0,2.0.0,,
siteTypeSetwwtp,siteTypeSet,mmaSets,wwtp,Wastewater treatment plant,19,active,1.0.0,2.0.0,,
siteTypeSetwwtpBack,siteTypeSet,mmaSets,wwtpBack,Back-up wastewater treatment site,21,active,1.0.0,2.0.0,,
siteTypeSetwwtpInd,siteTypeSet,mmaSets,wwtpInd,Industrial wastewater treatment plant,16,active,1.0.0,2.0.0,,
siteTypeSetwwtpMuC,siteTypeSet,mmaSets,wwtpMuC,Municipal wastewater treatment plant for combined sewage,17,active,1.0.0,2.0.0,,
siteTypeSetwwtpMuS,siteTypeSet,mmaSets,wwtpMuS,Municipal wastewater treatment plant for sanitary sewage only,18,active,1.0.0,2.0.0,,
solidSeparationSetcent,solidSeparationSet,mmaSets,cent,Centrifugation,1,active,2.0.0,2.0.0,,
solidSeparationSetfilt,solidSeparationSet,mmaSets,filt,Filtration,2,active,2.0.0,2.0.0,,
solidSeparationSetgraSet,solidSeparationSet,mmaSets,graSet,Gravity settling,3,active,2.0.0,2.0.0,,
solidSeparationSetnoSep,solidSeparationSet,mmaSets,noSep,No Seperation or Concentration,4,active,2.2.0,2.2.0,,
specHumidUnitSetratio,specHumidUnitSet,unitSets,ratio,Ratio,1,active,2.0.0,2.0.0,,
speedUnitSetms,speedUnitSet,unitSets,ms,Metres per second,3,active,2.2.0,2.2.0,,
speedUnitSetrpm,speedUnitSet,unitSets,rpm,Revolutions per minute (RPM),2,active,2.2.0,2.2.0,,
speedUnitSetxg,speedUnitSet,unitSets,xg,Relative Centrifugal Force (RCF) or x g units,1,active,2.2.0,2.2.0,,
spikeMatSetclari,spikeMatSet,mmaSets,clari,Clarified sample,1,active,1.0.0,2.0.0,,
spikeMatSetconc,spikeMatSet,mmaSets,conc,Sample concentrate,2,active,1.0.0,2.0.0,,
spikeMatSetdeso,spikeMatSet,mmaSets,deso,Dewatered solids,3,active,1.0.0,2.0.0,,
spikeMatSetlysi,spikeMatSet,mmaSets,lysi,Lysis buffer,4,active,2.0.0,2.0.0,,
spikeMatSetraws,spikeMatSet,mmaSets,raws,Raw wastewater,5,active,1.0.0,2.0.0,,
spikeMatSetrppw,spikeMatSet,mmaSets,rppw,Raw post-pasteurized wastewater,6,active,1.0.0,2.0.0,,
spikeTargetSetbcovCul,spikeTargetSet,mmaSets,bcovCul,bcov culture spike target,1,active,2.0.0,2.0.0,,
spikeTargetSetbcovGen,spikeTargetSet,mmaSets,bcovGen,bcov spike target (unspecified),13,active,2.2.0,2.2.0,,
spikeTargetSetbcovVac,spikeTargetSet,mmaSets,bcovVac,bcov vaccine spike target,2,active,2.0.0,2.0.0,,
spikeTargetSetbrsvCul,spikeTargetSet,mmaSets,brsvCul,brsv culture spike target,3,active,2.0.0,2.0.0,,
spikeTargetSetbrsvVac,spikeTargetSet,mmaSets,brsvVac,brsv vaccine spike target,4,active,2.0.0,2.0.0,,
spikeTargetSetheatInacSARS,spikeTargetSet,mmaSets,heatInacSARS,Heat inactivated sars-cov-2 virus spike target,5,active,2.0.0,2.0.0,,
spikeTargetSethepGRnaMat,spikeTargetSet,mmaSets,hepGRnaMat,hep g armored rna spike target,6,active,2.0.0,2.0.0,,
spikeTargetSetmhvSpike,spikeTargetSet,mmaSets,mhvSpike,murine hepatitis virus (MHV) spike target,14,active,2.2.0,2.2.0,,
spikeTargetSetms2ColMat,spikeTargetSet,mmaSets,ms2ColMat,ms2 coliphage spike target,7,active,2.0.0,2.0.0,,
spikeTargetSetmuCoMat,spikeTargetSet,mmaSets,muCoMat,murine coronavirus spike target,8,active,2.0.0,2.0.0,,
spikeTargetSetoc43Mat,spikeTargetSet,mmaSets,oc43Mat,oc43 spike target,9,active,2.0.0,2.0.0,,
spikeTargetSetparapoxSpike,spikeTargetSet,mmaSets,parapoxSpike,Parapoxvirus Orf Virus Spike Target,15,active,2.2.0,2.2.0,,
spikeTargetSetphi6Mat,spikeTargetSet,mmaSets,phi6Mat,phi6 spike target,10,active,2.0.0,2.0.0,,
spikeTargetSetpuroMat,spikeTargetSet,mmaSets,puroMat,Puro virus spike target,11,active,2.0.0,2.0.0,,
spikeTargetSetvsv,spikeTargetSet,mmaSets,vsv,Vesicular stomatitis virus (VSV) target,12,active,2.0.0,2.0.0,,
statusSetactive,statusSet,mmaSets,active,Active,1,active,2.0.0,2.0.0,,
statusSetdepreciated,statusSet,mmaSets,depreciated,Depreciated,3,active,2.0.0,2.0.0,,
statusSetdevelopment,statusSet,mmaSets,development,Development,2,active,2.0.0,2.0.0,,
stdConcentrationUnitSetmgL,stdConcentrationUnitSet,unitSets,mgL,Milligrams per litre,1,active,2.0.0,2.0.0,,
stdConcentrationUnitSetnM,stdConcentrationUnitSet,unitSets,nM,Nano-molar,5,active,2.2.0,2.2.0,,
stdConcentrationUnitSetppm,stdConcentrationUnitSet,unitSets,ppm,parts per million,2,active,2.0.0,2.0.0,,
stdConcentrationUnitSetpps,stdConcentrationUnitSet,unitSets,pps,Percent primary sludge,3,active,2.0.0,2.0.0,,
stdConcentrationUnitSetugmg,stdConcentrationUnitSet,unitSets,ugmg,Micrograms per milligram,6,active,2.2.0,2.2.0,,
stdConcentrationUnitSetuL,stdConcentrationUnitSet,unitSets,uL,Micro-litres,4,active,2.2.0,2.2.0,,
stdCurveSetserDil,stdCurveSet,mmaSets,serDil,serial dillution,1,active,2.0.0,2.0.0,,
surfaceCompartmentSetsurf,surfaceCompartmentSet,compartmentSets,surf,Surface compartment,1,active,2.0.0,2.0.0,,
surfaceWaterCompartmentSetsurf,surfaceWaterCompartmentSet,compartmentSets,surf,Surface compartment,1,active,2.0.0,2.0.0,,
surfaceWaterCompartmentSetwat,surfaceWaterCompartmentSet,compartmentSets,wat,Water compartment,2,active,2.0.0,2.0.0,,
tableSetfK,tableSet,mmaSets,fK,Foreign key,1,active,2.0.0,2.0.0,,
tableSetheader,tableSet,mmaSets,header,Header,2,active,2.0.0,2.0.0,,
tableSetinput,tableSet,mmaSets,input,Input,3,active,2.0.0,2.0.0,,
tableSetpK,tableSet,mmaSets,pK,Primary key,4,active,2.0.0,2.0.0,,
temperatureUnitSetcel,temperatureUnitSet,unitSets,cel,Degrees Celcius,1,active,2.0.0,2.0.0,,
templateSheetSetaddresses,templateSheetSet,dictSets,addresses,Address table,1,active,2.0.0,2.0.0,,
templateSheetSetcontacts,templateSheetSet,dictSets,contacts,Contact table,2,active,2.0.0,2.0.0,,
templateSheetSetdatasets,templateSheetSet,dictSets,datasets,Dataset table,3,active,2.0.0,2.0.0,,
templateSheetSetinstruments,templateSheetSet,dictSets,instruments,Instrument table,4,active,2.0.0,2.0.0,,
templateSheetSetlanguages,templateSheetSet,dictSets,languages,Language Look-up table,5,active,2.0.0,2.0.0,,
templateSheetSetlists,templateSheetSet,dictSets,lists,List worksheet,19,active,2.0.0,2.0.0,,
templateSheetSetmeasures,templateSheetSet,dictSets,measures,Measure report table,6,active,2.0.0,2.0.0,,
templateSheetSetmeasureSets,templateSheetSet,dictSets,measureSets,Measure set report table,7,active,2.0.0,2.0.0,,
templateSheetSetorganizations,templateSheetSet,dictSets,organizations,Organization table,8,active,2.0.0,2.0.0,,
templateSheetSetparts,templateSheetSet,dictSets,parts,Parts Look-up table,9,active,2.0.0,2.0.0,,
templateSheetSetpolygons,templateSheetSet,dictSets,polygons,Polygon table,10,active,2.0.0,2.0.0,,
templateSheetSetprotocolRelationships,templateSheetSet,dictSets,protocolRelationships,Protocol relationships table,11,active,2.0.0,2.0.0,,
templateSheetSetprotocols,templateSheetSet,dictSets,protocols,Protocols table,12,active,2.0.0,2.0.0,,
templateSheetSetprotocolSteps,templateSheetSet,dictSets,protocolSteps,Protocol steps table,13,active,2.0.0,2.0.0,,
templateSheetSetqualityReports,templateSheetSet,dictSets,qualityReports,Quality reports table,14,active,2.0.0,2.0.0,,
templateSheetSetsampleRelationships,templateSheetSet,dictSets,sampleRelationships,Sample relationships table,15,active,2.0.0,2.0.0,,
templateSheetSetsamples,templateSheetSet,dictSets,samples,Sample report table,16,active,2.0.0,2.0.0,,
templateSheetSetsets,templateSheetSet,dictSets,sets,Sets look-up table,17,active,2.0.0,2.0.0,,
templateSheetSetsites,templateSheetSet,dictSets,sites,Sites table,18,active,2.0.0,2.0.0,,
tempSetdna,tempSet,mmaSets,dna,DNA Template,1,active,2.2.0,2.2.0,,
tempSetrna,tempSet,mmaSets,rna,RNA Template,2,active,2.2.0,2.2.0,,
timeUnitSetdays,timeUnitSet,unitSets,days,Days,1,active,2.0.0,2.0.0,,
timeUnitSethours,timeUnitSet,unitSets,hours,Hours,4,active,2.0.0,2.0.0,,
timeUnitSetminutes,timeUnitSet,unitSets,minutes,Minutes,5,active,2.0.0,2.0.0,,
timeUnitSetmonths,timeUnitSet,unitSets,months,Months,2,active,2.0.0,2.0.0,,
timeUnitSetseconds,timeUnitSet,unitSets,seconds,Seconds,6,active,2.2.0,2.2.0,,
timeUnitSetyears,timeUnitSet,unitSets,years,Years,3,active,2.0.0,2.0.0,,
turbidityUnitSetntu,turbidityUnitSet,unitSets,ntu,Nephelometric turbidity unit,1,active,2.0.0,2.0.0,,
unitlessUnitSetunitless,unitlessUnitSet,unitSets,unitless,Unitless measure,1,active,2.0.0,2.0.0,,
volumeUnitSetgrams,volumeUnitSet,unitSets,grams,Grams,7,active,2.0.0,2.0.0,,
volumeUnitSetkl,volumeUnitSet,unitSets,kl,Kilolitres,1,active,2.0.0,2.0.0,,
volumeUnitSetl,volumeUnitSet,unitSets,l,Litres,2,active,2.0.0,2.0.0,,
volumeUnitSetml,volumeUnitSet,unitSets,ml,Millilitres,3,active,2.0.0,2.0.0,,
volumeUnitSetmm,volumeUnitSet,unitSets,mm,Millimetres,4,active,2.0.0,2.0.0,,
volumeUnitSetpp,volumeUnitSet,unitSets,pp,Percent positive,5,active,2.0.0,2.0.0,,
volumeUnitSetsubVar,volumeUnitSet,unitSets,subVar,Sub-variant or lineage,6,active,2.0.0,2.0.0,,
volumeUnitSetvarFreq,volumeUnitSet,unitSets,varFreq,Frequency of variants detected,8,active,2.0.0,2.0.0,,
waterCompartmentSetwat,waterCompartmentSet,compartmentSets,wat,Water compartment,1,active,2.0.0,2.0.0,,
weathSetcloudy,weathSet,mmaSets,cloudy,Cloudy,1,active,2.0.0,2.0.0,,
weathSetfoggy,weathSet,mmaSets,foggy,Foggy,2,active,2.0.0,2.0.0,,
weathSetnoRain,weathSet,mmaSets,noRain,No rain,6,active,2.2.0,2.2.0,,
weathSetrainy,weathSet,mmaSets,rainy,Rainy,3,active,2.0.0,2.0.0,,
weathSetsnowy,weathSet,mmaSets,snowy,Snowy,4,active,2.0.0,2.0.0,,
weathSetsunny,weathSet,mmaSets,sunny,Sunny,5,active,2.0.0,2.0.0,,
wideCompartmentSetair,wideCompartmentSet,compartmentSets,air,Air compartment,1,active,2.2.0,2.2.0,,
wideCompartmentSethCo,wideCompartmentSet,compartmentSets,hCo,See Header for Compartment ,4,active,2.2.0,2.2.0,,
wideCompartmentSetnaCompartment,wideCompartmentSet,compartmentSets,naCompartment,Compartment not applicable,5,active,2.2.0,2.2.0,,
wideCompartmentSetsurf,wideCompartmentSet,compartmentSets,surf,Surface compartment,2,active,2.2.0,2.2.0,,
wideCompartmentSetwat,wideCompartmentSet,compartmentSets,wat,Water compartment,3,active,2.2.0,2.2.0,,
wideFractionSethFr,wideFractionSet,mmaSets,hFr,See Header for Fraction Analyzed,5,active,2.2.0,2.2.0,,
wideFractionSetliq,wideFractionSet,mmaSets,liq,Liquid fraction,1,active,2.2.0,2.2.0,,
wideFractionSetmix,wideFractionSet,mmaSets,mix,Mixed/homogenized sample,2,active,2.2.0,2.2.0,,
wideFractionSetNA,wideFractionSet,mmaSets,NA,Not applicable,4,active,2.2.0,2.2.0,,
wideFractionSetsol,wideFractionSet,mmaSets,sol,Solid fraction,3,active,2.2.0,2.2.0,,
wideSpecimenSethSp,wideSpecimenSet,specimenSets,hSp,See Header for Specimen,5,active,2.2.0,2.2.0,,
wideSpecimenSetnaSpecimen,wideSpecimenSet,specimenSets,naSpecimen,Specimen not applicable,4,active,2.2.0,2.2.0,,
wideSpecimenSetpo,wideSpecimenSet,specimenSets,po,Population,1,active,2.2.0,2.2.0,,
wideSpecimenSetsa,wideSpecimenSet,specimenSets,sa,Sample,2,active,2.2.0,2.2.0,,
wideSpecimenSetsi,wideSpecimenSet,specimenSets,si,Site,3,active,2.2.0,2.2.0,,
windSpeedUnitSetms,windSpeedUnitSet,unitSets,ms,Metres per second,1,active,2.0.0,2.0.0,,