Version,2.2.2,,,,,,,,,,,,,,,,,,,,,,,,,,,,,,,,,,,,,,,,,,,,,,,,,,,,,,,,,,,,,,,,,,,,,,,,,,,,,
Target,Mutation,,,,Target,Allele,,,,Target,Variant,,,,Genetic Unit Set,,,,saMaterial,"(sample material, 'sample type')",,,Sample Collection,,,,Fraction analyzed,,,,methodID,(PCR//Sequencing),,,,pcrSet,"(for partID = pcrmeth, label = PCR method)",,,scriptSet,"(for partID = scriptVersion, label = Script version)",,,seqStratSet,"(for partID = seqStrat, label = Sequencing strategy)",,,seqSelSet,"(for partID = seqSel, label = Sequencing selection)",,,seqLaySet,"(for partID = seqLay, label = Sequencing layout)",,,Aggregation,,,,target type,,,,sample shed,,,,Airport,,,methodID,(PCR//Sequencing),,,Target,,,
partID,label,partDesc,unitSetID,,partID,label,partDesc,unitSetID,,partID,label,partDesc,unitSetID,,partID,label,partDesc,,partID,label,partDesc,,partID,label,partDesc,,partID,label,partDesc,,partID,label,partDesc,catSet,,partID,label,partDesc,,partID,label,partDesc,,partID,label,partDesc,,partID,label,partDesc,,partID,label,partDesc,,partID,label,partDesc,,partID,label,partDesc,,partID,label,partDesc,,IATA code,Airport,Country,partID,label,partDesc,,partID,label,partDesc,unitSetID
n1n2,Combined N1 and N2 sars-cov-2 gene target,Combined N1 and N2 sars-cov-2 gene target,geneticUnitSet,,cov2Me,SARS-CoV-2 measure,Measure the amount of SARS-CoV-2 virus.,geneticUnitSet,,mu,Mu,B.1.621,geneticUnitSet,,boc,Breadth of coverage (>=5x depth),Positions with read depth greater or equal to 5.,,afu,Air filter,Air filter as part of filtration or circulating unit. ,,areaPr,Area proportional sample,An area proportional sample.,,liq,Liquid fraction,Liquid fraction of a sample.,,primer,Genetic primer,Method ID used for indicating the primer used for a PCR or sequencing assay.,primerSet,,bioRadDdpcr,Digital droplet emulsification PCR,Describes a PCR analysis done using BioRad's digital droplet emulsification PCR technology.,,gromstole,Gromstole 1.0 Script,Gromstole 1.0 Script for sequencing.,,amp,Amplicon sequencing,Specifies the amplicon strategy for genetic sequencing,,ranSeq,Random sequencing selection method,Specifies the random selection method for sequencing,,sinLay,Single Layout,Specifies the single layout for a sequencing method,,floMean,Flow-normalized mean,Mean measure normalized to wastewater flow.,,allele,Alleles class,Measures and methods related to alleles.,,airpln,Airplane,Airplane sample shed category type,,AAR,Aarhus,Denmark,,*** PCR method ***,,,,*** Mutation ***,,
n211i,n211i omicron-variant gene target,n211i omicron-variant gene target,geneticUnitSet,,n,N sars-cov-2 gene target,N sars-cov-2 gene target,geneticUnitSet,,covB117,SARS-CoV-2-B.1.1.7,Variant B.1.1.7 of the SARS-CoV-2 virus.,geneticUnitSet,,doc,Depth of coverage,The sequencing read depth.,,desk,Desk or counter,"Desk, table, countertop or other flat working surface.",,cosca,COSCa ball,COSCa passive sampling device.,,mix,Mixed/homogenized sample,Mixed or homogenized sample or fraction analyzed.,,scriptVersion,Genetic sequencing script version,"Used to specify the script or script version used to extract summary information (i.e. coverage and mutation frequency statistics, etc.) from the sequencing output.",scriptSet,,fluiDpcr,Fluidigm digital PCR,Describes a PCR analysis done using FluidIGM's digital PCR technology.,,freyja,Freyja Script,Freyja Script for sequencing.,,wgs,Whole genome sequencing,Specifies the whole genome sequencing (WGS) strategy for genetic sequencing,,pcrSeq,PCR sequencingsSelection method,"Specifies the PCR selection method for sequencing, ie. that a pre-determined primer was used.",,pairLay,Paired Layout,Specifies the paired layout for a sequencing method,,gmn,Geometric mean,Geometric mean.,,mutation,Mutations class,Measures and methods related to mutations.,,Airport terminal,Airport terminal,Airport terminal sample shed category type,,ABZ,Aberdeen,United Kingdom,bioRadDdpcr,Digital droplet emulsification PCR,Describes a PCR analysis done using BioRad's digital droplet emulsification PCR technology.,,a1306s,a1306s delta-variant gene target,a1306s delta-variant gene target,geneticUnitSet
n679k,n679k omicron-variant gene target,n679k omicron-variant gene target,geneticUnitSet,,nSarbec,Sarbecovirus-specific N sars-cov-2 gene target,Sarbecovirus-specific N sars-cov-2 gene target,geneticUnitSet,,covB135,SARS-CoV-2-B.1.351,Variant B.1.351 of the SARS-CoV-2 virus.,geneticUnitSet,,det,Detected,Substance detected or not detected.,,faeces,Fecal matter,Fecal matter.,,flowPr,Flow proportional sample,A flow proportional composite sample generally collected by an autosampler.,,sol,Solid fraction,Solid fraction of a sample.,,seqLay,Sequencing Layout,The layout of genetic material used in sequencing.,seqLaySet,,ltDpcr,Life technologies digital PCR,Describes a PCR analysis done using Life Technologies' digital PCR technology.,,,,,,,,,,,,,,mateLay,Mate pair layout,Specifies the mate pair layout for a sequencing method.,,menr,Normalized arithmetic mean,"Arithmetic mean, normalized.",,variant,Variants class,Measures and methods relating to variants.,,airport,Airport,Airport sample shed category type,,ADA,Adana,Turkey,fluiDpcr,Fluidigm digital PCR,Describes a PCR analysis done using FluidIGM's digital PCR technology.,,a1918v,a1918v delta-variant gene target,a1918v delta-variant gene target,geneticUnitSet
n856k,n856k omicron-variant gene target,n856k omicron-variant gene target,geneticUnitSet,,oc43,coronavirus OC43,Measure of the amount of coronavirus OC43.,geneticUnitSet,,covP1,SARS-CoV-2-P.1,Variant P.1 of the SARS-CoV-2 virus.,geneticUnitSet,,gcL,Gene copies per L,Gene or variant copies per litre.,,floor,Floor,Floor of a building or room.,,grb,Grab sample,A single large representative grab sample.,,NA,,,,seqSel,Sequencing selection method,The primer sequence selection method used in sequencing.,seqSelSet,,qgDpcr,qiagen digital PCR,Describes a PCR analysis done using Qiagen's digital PCR technology.,,,,,,,,,,,,,,,,,,ngmn,Normalized geometric mean,"Geometric mean, normalized.",,mutationPanel,Mutation panels class,Measures and methods related to a panel or list of more than one mutation from the same sequence read.,,wwtp,Wastewater treatment plant,A general site type for wastewater treatment plants.,,ADF,Adiyaman,Turkey,ltDpcr,Life technologies digital PCR,Describes a PCR analysis done using Life Technologies' digital PCR technology.,,a2710t,a2710t omicron-variant gene target,a2710t omicron-variant gene target,geneticUnitSet
n969k,n969k omicron-variant gene target,n969k omicron-variant gene target,geneticUnitSet,,orf1a,ORF1a sars-cov-2 gene target,ORF1a sars-cov-2 gene target,geneticUnitSet,,beta,Beta,B.1.351,geneticUnitSet,,percRec,Percent recovery,Percent of the surrogate recovery for a recovery efficiency control assay.,,htSam,Holding tank wastewater,"Wastewater sampled from a holding tank, such as from an airplane or ship",,moorSw,Moore swab passive sample,Moore swab passive sample.,,,,,,seqStrat,Sequencing Strategy,The sequencing strategy used for an analysis.,seqStratSet,,qpcr,Quantitative PCR,"Real-time PCR, also called 'quantAggScale' PCR",,,,,,,,,,,,,,,,,,pmFloMean,PMMoV- and flow-normalized mean,Mean measure normalized to amount of PMMoV and wastewater flow.,,,,,,,,,,AJA,Ajaccio,France,qgDpcr,qiagen digital PCR,Describes a PCR analysis done using Qiagen's digital PCR technology.,,a63t,a63t omicron-variant gene target,a63t omicron-variant gene target,geneticUnitSet
niid19,niid_2019-ncov_n sars-cov-2 gene target,niid_2019-ncov_n sars-cov-2 gene target,geneticUnitSet,,orf1ab,ORF1ab sars-cov-2 gene target,ORF1ab sars-cov-2 gene target,geneticUnitSet,,delta,Delta,B.1.617.2,geneticUnitSet,,prop,Proportion of total,Proportion as a precent of total.,,nww,Water,"Non-wastewater, coming from any kind of water body",,surfSw,Surface swab,Surface swab.,,,,,,,,,,,rainDpcr,Raindance digital PCR,Describes a PCR analysis done using Raindance's digital PCR technology.,,,,,,,,,,,,,,,,,,pmmovNorm,PMMoV-normalized mean,Mean measure normalized to amount of PMMoV.,,,,,,,,,,AKT,Akrotiri - RAF,Cyprus,qpcr,Quantitative PCR,"Real-time PCR, also called 'quantAggScale' PCR",,a67v,a67v omicron-variant gene target,a67v omicron-variant gene target,geneticUnitSet
p100l,p100l delta-variant gene target,p100l delta-variant gene target,geneticUnitSet,,orf1b,ORF1b sars-cov-2 gene target,ORF1b sars-cov-2 gene target,geneticUnitSet,,gam,Gamma,P.1,geneticUnitSet,,propV,Proportion of variant in sample,Proportion of a variant as percent of total variants.,,pEfflu,Primary clarifier effluent,Effluent obtained after primary clarifiers,,timePr,Time proportional sample,A time proportional composite sample generally collected by an autosampler.,,,,,,,,,,,sinProbeOne,,,,,,,,,,,,,,,,,,,,sin,Single,"A value that is not an aggregate measurement (ie. not a mean, median, max or any other) and can be a replicate value.",,,,,,,,,,LBI,Albi,France,rainDpcr,Raindance digital PCR,Describes a PCR analysis done using Raindance's digital PCR technology.,,d377y,d377y delta-variant gene target,d377y delta-variant gene target.,geneticUnitSet
p2046l,p2046l delta-variant gene target,p2046l delta-variant gene target,geneticUnitSet,,covE,SARS-CoV-2-E,SARS-CoV-2 E gene.,geneticUnitSet,,lamba,Lambda,C.37,geneticUnitSet,,gcCrA,,,,pSludge,Primary clarifier sludge,Sludge produced by primary clarifiers,,volPr,Volume proportional sample,A volume proportional sample generally collected by an autosampler.,,,,,,,,,,,dpcr,,,,,,,,,,,,,,,,,,,,,,,,,,,,,,,,AAL,Alborg,Denmark,,*** Sequencing Strategy ***,,,d3g,d3g omicron-variant gene target,d3g omicron-variant gene target.,geneticUnitSet
p2287s,p2287s delta-variant gene target,p2287s delta-variant gene target,geneticUnitSet,,covN1,SARS-CoV-2-N1,"SARS-CoV-2 nucleocapsid gene, allele 1.",geneticUnitSet,,omicr1,Omicron BA.1,Omicron B.1.1.529,geneticUnitSet,,gcD100,,,,pstGrit,Post-grit,Raw wastewater after a treatment plant's headworks (post grit or removal of large solids at a treatment plant but priort to a primary clarifier),,comp,Composite sample - archival,"A composite sample, usually generated by an autosampler.",,,,,,,,,,,ddpcr,,,,,,,,,,,,,,,,,,,,,,,,,,,,,,,,AES,Alesund,Norway,amp,Amplicon Sequencing,Specifies the amplicon strategy for genetic sequencing,,d63g,d63g delta-variant gene target,d63g delta-variant gene target.,geneticUnitSet
p3395h,p3395h omicron-variant gene target,p3395h omicron-variant gene target,geneticUnitSet,,covN2,SARS-CoV-2-N2,"SARS-CoV-2 nucleocapsid gene, allele 2.",geneticUnitSet,,omicr2,Omicron BA.2,Omicron BA.2,geneticUnitSet,,gCGS,,,,rawWW,Raw sewage at site,Wastewater without any form of treatment,,manComp,,,,,,,,,,,,,,,,,,,,,,,,,,,,,,,,,,,,,,,,,,,,,AHO,Alghero Sassari,Italy,wgs,Whole Genome Sequencing,Specifies the whole genome sequencing (WGS) strategy for genetic sequencing,,d796y,d796y omicron-variant gene target,d796y omicron-variant gene target.,geneticUnitSet
p681r,p681r delta-variant gene target,p681r delta-variant gene target,geneticUnitSet,,covN3,SARS-CoV-2-N3,"SARS-CoV-2 nucleocapsid gene, allele 3.",geneticUnitSet,,omicr275,Omicron BA.2.75,Omicron BA.2.75,geneticUnitSet,,gcMl,,,,rawWWdown,Raw sewage downstream from a site,Downstream from a site. See partType = rawWWup.,,passiveGen,,,,,,,,,,,,,,,,,,,,,,,,,,,,,,,,,,,,,,,,,,,,,ALC,Alicante,Spain,,,,,d950n,d950n delta-variant gene target,d950n delta-variant gene target.,geneticUnitSet
a1306s,a1306s delta-variant gene target,a1306s delta-variant gene target,geneticUnitSet,,covRdrp,SARS-CoV-2-RdRp,SARS-CoV-2 RdRp gene.,geneticUnitSet,,omicr4,Omicron BA.4,Omicron BA.4,geneticUnitSet,,gcPpmov,,,,rawWWup,Raw sewage upstream from a site,"Upstream from a site. Used when there is not direct access to a site's wastewater inconjuctiion with downstream sample. For example, if the site is a long-term care home, but ther is not access to the building or property cleanout. Use two sameple, one sample upstream and one sample downstream.",,,,,,,,,,,,,,,,,,,,,,,,,,,,,,,,,,,,,,,,,,,,,,,LEI,Almeria,Spain,,,,,ddcovE,ddcov_e sars-cov-2 gene target,ddcov_e sars-cov-2 gene target.,geneticUnitSet
a1918v,a1918v delta-variant gene target,a1918v delta-variant gene target,geneticUnitSet,,sGene,S sars-cov-2 gene target,S sars-cov-2 gene target,geneticUnitSet,,omicr5,Omicron BA.5,Omicron BA.5,geneticUnitSet,,gc,,,,sEfflu,Secondary clarifier effluent,Effluent obtained after secondary clarifiers,,,,,,,,,,,,,,,,,,,,,,,,,,,,,,,,,,,,,,,,,,,,,,,ALF,Alta,Norway,,,,,ddcovN,ddcov_n sars-cov-2 gene target,ddcov_n sars-cov-2 gene target.,geneticUnitSet
a2710t,a2710t omicron-variant gene target,a2710t omicron-variant gene target,geneticUnitSet,,,,,,,otherV,Variants Other,Used for reporting variants detected for which a specific measureID doesn't already exist. The ODM team will periodically migrate collected responses in this category into set measureIDs.,geneticUnitSet,,ct,,,,septage,Septic tank wastewater,Wastewater from within a septic tank,,,,,,,,,,,,,,,,,,,,,,,,,,,,,,,,,,,,,,,,,,,,,,,ACH,Altenrhein,Switzerland,,,,,del143,del143/145,143 or 145 deletion omicron-variant gene target.,geneticUnitSet
a63t,a63t omicron-variant gene target,a63t omicron-variant gene target,geneticUnitSet,,,,,,,flirtV,,,,,slope,,,,sSludge,Secondary clarifier sludge,Sludge produced by secondary clarifiers,,,,,,,,,,,,,,,,,,,,,,,,,,,,,,,,,,,,,,,,,,,,,,,AMS,Amsterdam�- Amsterdam Airport Schiphol,Netherlands,,,,,del157,del 157/158,157 or 158 deletion delta-variant gene target,geneticUnitSet
a67v,a67v omicron-variant gene target,a67v omicron-variant gene target,geneticUnitSet,,,,,,,,,,,,inter,,,,surface,Other surface,Surface other than floor or desk.,,,,,,,,,,,,,,,,,,,,,,,,,,,,,,,,,,,,,,,,,,,,,,,AOI,Ancona - Ancona Falconara Airport,Italy,,,,,del2084,del2084/2084,,geneticUnitSet
d377y,d377y delta-variant gene target,d377y delta-variant gene target.,geneticUnitSet,,,,,,,,,,,,efficient,,,,swrSed,Sewer sediment,Sediments obtained in sewer,,,,,,,,,,,,,,,,,,,,,,,,,,,,,,,,,,,,,,,,,,,,,,,ALV,Andorra La Vella�- Heliport,Andorra,,,,,del212,del212/212,212 or 212 deletion omicron-variant gene target.,geneticUnitSet
d3g,d3g omicron-variant gene target,d3g omicron-variant gene target.,geneticUnitSet,,,,,,,,,,,,r2,,,,,,,,,,,,,,,,,,,,,,,,,,,,,,,,,,,,,,,,,,,,,,,,,,,,,ANK,Ankara,Turkey,,,,,del3674,del3674/3676,3674 or 3676 deletion omicron-variant gene target.,geneticUnitSet
d63g,d63g delta-variant gene target,d63g delta-variant gene target.,geneticUnitSet,,,,,,,,,,,,,,,,,,,,,,,,,,,,,,,,,,,,,,,,,,,,,,,,,,,,,,,,,,,,,,,,,ESB,Ankara�- Esenbo?a International Airport,Turkey,,,,,del6970,del69/70,69 or 70 deletion omicron-variant gene target.,geneticUnitSet
d796y,d796y omicron-variant gene target,d796y omicron-variant gene target.,geneticUnitSet,,,,,,,,,,,,,,,,,,,,,,,,,,,,,,,,,,,,,,,,,,,,,,,,,,,,,,,,,,,,,,,,,NCY,Annecy,France,,,,,e156g,e156g delta-variant gene target,e156g delta-variant gene target,geneticUnitSet
d950n,d950n delta-variant gene target,d950n delta-variant gene target.,geneticUnitSet,,,,,,,,,,,,,,,,,,,,,,,,,,,,,,,,,,,,,,,,,,,,,,,,,,,,,,,,,,,,,,,,,AYT,Antalya,Turkey,,,,,e484a,e484a omicron-variant gene target,e484a omicron-variant gene target,geneticUnitSet
ddcovE,ddcov_e sars-cov-2 gene target,ddcov_e sars-cov-2 gene target.,geneticUnitSet,,,,,,,,,,,,,,,,,,,,,,,,,,,,,,,,,,,,,,,,,,,,,,,,,,,,,,,,,,,,,,,,,ANR,Antwerp,Belgium,,,,,eSarbec,Sarbecovirus-specific E sars-cov-2 gene target,Sarbecovirus-specific E sars-cov-2 gene target,geneticUnitSet
ddcovN ,ddcov_n sars-cov-2 gene target,ddcov_n sars-cov-2 gene target.,geneticUnitSet,,,,,,,,,,,,,,,,,,,,,,,,,,,,,,,,,,,,,,,,,,,,,,,,,,,,,,,,,,,,,,,,,GPA,Araxos,Greece,,,,,g215c,g215c delta-variant gene target,g215c delta-variant gene target,geneticUnitSet
del143,del143/145,143 or 145 deletion omicron-variant gene target.,geneticUnitSet,,,,,,,,,,,,,,,,,,,,,,,,,,,,,,,,,,,,,,,,,,,,,,,,,,,,,,,,,,,,,,,,,ACE,Arrecife/Lanzarote,Spain,,,,,g339d,g339d omicron-variant gene target,g339d omicron-variant gene target,geneticUnitSet
del157,del 157/158,157 or 158 deletion delta-variant gene target,geneticUnitSet,,,,,,,,,,,,,,,,,,,,,,,,,,,,,,,,,,,,,,,,,,,,,,,,,,,,,,,,,,,,,,,,,ATH,Athens�- Elefth�rios Veniz�los International Airport,Greece,,,,,g496s,g496s omicron-variant gene target,g496s omicron-variant gene target,geneticUnitSet
del2084,del2084/2084,2084 or 2084 deletion omicron-variant gene target.,geneticUnitSet,,,,,,,,,,,,,,,,,,,,,,,,,,,,,,,,,,,,,,,,,,,,,,,,,,,,,,,,,,,,,,,,,HEW,"Athens, Hellinikon Airport",Greece,,,,,g662s,g662s delta-variant gene target,g662s delta-variant gene target,geneticUnitSet
del212,del212/212,212 or 212 deletion omicron-variant gene target.,geneticUnitSet,,,,,,,,,,,,,,,,,,,,,,,,,,,,,,,,,,,,,,,,,,,,,,,,,,,,,,,,,,,,,,,,,AGB,Augsburg - Augsbur gAirport,Germany,,,,,i1566v,i1566v omicron-variant gene target,i1566v omicron-variant gene target,geneticUnitSet
del3674,del3674/3676,3674 or 3676 deletion omicron-variant gene target.,geneticUnitSet,,,,,,,,,,,,,,,,,,,,,,,,,,,,,,,,,,,,,,,,,,,,,,,,,,,,,,,,,,,,,,,,,AUR,Aurillac,France,,,,,i3758v,i3758v omicron-variant gene target,i3758v omicron-variant gene target,geneticUnitSet
del6970,del69/70,69 or 70 deletion omicron-variant gene target.,geneticUnitSet,,,,,,,,,,,,,,,,,,,,,,,,,,,,,,,,,,,,,,,,,,,,,,,,,,,,,,,,,,,,,,,,,BJZ,Badajoz,Spain,,,,,i82t,i82t delta-variant gene target,i82t delta-variant gene target,geneticUnitSet
e156g,e156g delta-variant gene target,e156g delta-variant gene target,geneticUnitSet,,,,,,,,,,,,,,,,,,,,,,,,,,,,,,,,,,,,,,,,,,,,,,,,,,,,,,,,,,,,,,,,,BCN,Barcelona,Spain,,,,,ip2ip4,Combined ip2 and ip4 sars-cov-2 gene target,Combined ip2 and ip4 sars-cov-2 gene target,geneticUnitSet
e484a,e484a omicron-variant gene target,e484a omicron-variant gene target,geneticUnitSet,,,,,,,,,,,,,,,,,,,,,,,,,,,,,,,,,,,,,,,,,,,,,,,,,,,,,,,,,,,,,,,,,BDU,Bardufoss,Norway,,,,,k856r,k856r omicron-variant gene target,k856r omicron-variant gene target,geneticUnitSet
eSarbec,Sarbecovirus-specific E sars-cov-2 gene target,Sarbecovirus-specific E sars-cov-2 gene target,geneticUnitSet,,,,,,,,,,,,,,,,,,,,,,,,,,,,,,,,,,,,,,,,,,,,,,,,,,,,,,,,,,,,,,,,,BRI,Bari,Italy,,,,,l452r,l452r delta-variant gene target,l452r delta-variant gene target,geneticUnitSet
g215c,g215c delta-variant gene target,g215c delta-variant gene target,geneticUnitSet,,,,,,,,,,,,,,,,,,,,,,,,,,,,,,,,,,,,,,,,,,,,,,,,,,,,,,,,,,,,,,,,,BRR,Barra (the famous tidal beach landing),United Kingdom,,,,,l981f,l981f omicron-variant gene target,l981f omicron-variant gene target,geneticUnitSet
g339d,g339d omicron-variant gene target,g339d omicron-variant gene target,geneticUnitSet,,,,,,,,,,,,,,,,,,,,,,,,,,,,,,,,,,,,,,,,,,,,,,,,,,,,,,,,,,,,,,,,,BSL,Basel,Switzerland,,,,,q19e,q19e omicron-variant gene target,q19e omicron-variant gene target,geneticUnitSet
g496s,g496s omicron-variant gene target,g496s omicron-variant gene target,geneticUnitSet,,,,,,,,,,,,,,,,,,,,,,,,,,,,,,,,,,,,,,,,,,,,,,,,,,,,,,,,,,,,,,,,,EAP,Basel/Mulhouse,Switzerland/France,,,,,q493r,q493r omicron-variant gene target,q493r omicron-variant gene target,geneticUnitSet
g662s,g662s delta-variant gene target,g662s delta-variant gene target,geneticUnitSet,,,,,,,,,,,,,,,,,,,,,,,,,,,,,,,,,,,,,,,,,,,,,,,,,,,,,,,,,,,,,,,,,BIA,Bastia,France,,,,,q498r,q498r omicron-variant gene target,q498r omicron-variant gene target,geneticUnitSet
i1566v,i1566v omicron-variant gene target,i1566v omicron-variant gene target,geneticUnitSet,,,,,,,,,,,,,,,,,,,,,,,,,,,,,,,,,,,,,,,,,,,,,,,,,,,,,,,,,,,,,,,,,BYU,Bayreuth - Bindlacher-Berg,Germany,,,,,q954h,q954h omicron-variant gene target,q954h omicron-variant gene target,geneticUnitSet
i3758v,i3758v omicron-variant gene target,i3758v omicron-variant gene target,geneticUnitSet,,,,,,,,,,,,,,,,,,,,,,,,,,,,,,,,,,,,,,,,,,,,,,,,,,,,,,,,,,,,,,,,,BHD,Belfast�- George Best Belfast City Airport,United Kingdom,,,,,r203m,r203m delta-variant gene target,r203m delta-variant gene target,geneticUnitSet
i82t,i82t delta-variant gene target,i82t delta-variant gene target,geneticUnitSet,,,,,,,,,,,,,,,,,,,,,,,,,,,,,,,,,,,,,,,,,,,,,,,,,,,,,,,,,,,,,,,,,BFS,Belfast�- Belfast International Airport,United Kingdom,,,,,rdrpIP2,IP2 rdrp sars-cov-2 gene target,IP2 rdrp sars-cov-2 gene target,geneticUnitSet
ip2ip4,Combined ip2 and ip4 sars-cov-2 gene target,Combined ip2 and ip4 sars-cov-2 gene target,geneticUnitSet,,,,,,,,,,,,,,,,,,,,,,,,,,,,,,,,,,,,,,,,,,,,,,,,,,,,,,,,,,,,,,,,,BEG,Belgrad�(Beograd) - Belgrade Nikola Tesla International,Serbia,,,,,rdrpIP4,IP4 rdrp sars-cov-2 gene target,IP4 rdrp sars-cov-2 gene target,geneticUnitSet
k856r,k856r omicron-variant gene target,k856r omicron-variant gene target,geneticUnitSet,,,,,,,,,,,,,,,,,,,,,,,,,,,,,,,,,,,,,,,,,,,,,,,,,,,,,,,,,,,,,,,,,BEB,Benbecula,United Kingdom,,,,,s2083i,s2083i omicron-variant gene target,s2083i omicron-variant gene target,geneticUnitSet
l452r,l452r delta-variant gene target,l452r delta-variant gene target,geneticUnitSet,,,,,,,,,,,,,,,,,,,,,,,,,,,,,,,,,,,,,,,,,,,,,,,,,,,,,,,,,,,,,,,,,BGY,Bergamo/Milan�- Orio Al Serio,Italy,,,,,s371l,s371l omicron-variant gene target,s371l omicron-variant gene target,geneticUnitSet
l981f,l981f omicron-variant gene target,l981f omicron-variant gene target,geneticUnitSet,,,,,,,,,,,,,,,,,,,,,,,,,,,,,,,,,,,,,,,,,,,,,,,,,,,,,,,,,,,,,,,,,BGO,Bergen,Norway,,,,,s373p,s373p omicron-variant gene target,s373p omicron-variant gene target,geneticUnitSet
q19e,q19e omicron-variant gene target,q19e omicron-variant gene target,geneticUnitSet,,,,,,,,,,,,,,,,,,,,,,,,,,,,,,,,,,,,,,,,,,,,,,,,,,,,,,,,,,,,,,,,,EGC,Bergerac - Roumanieres,France,,,,,s375f,s375f omicron-variant gene target,s375f omicron-variant gene target,geneticUnitSet
q493r,q493r omicron-variant gene target,q493r omicron-variant gene target,geneticUnitSet,,,,,,,,,,,,,,,,,,,,,,,,,,,,,,,,,,,,,,,,,,,,,,,,,,,,,,,,,,,,,,,,,BER,Berlin,Germany,,,,,s477n,s477n omicron-variant gene target,s477n omicron-variant gene target,geneticUnitSet
q498r,q498r omicron-variant gene target,q498r omicron-variant gene target,geneticUnitSet,,,,,,,,,,,,,,,,,,,,,,,,,,,,,,,,,,,,,,,,,,,,,,,,,,,,,,,,,,,,,,,,,SXF,"Berlin, Schoenefeld",Germany,,,,,t19r,t19r delta-variant gene target,t19r delta-variant gene target,geneticUnitSet
q954h,q954h omicron-variant gene target,q954h omicron-variant gene target,geneticUnitSet,,,,,,,,,,,,,,,,,,,,,,,,,,,,,,,,,,,,,,,,,,,,,,,,,,,,,,,,,,,,,,,,,TXL,"Berlin, Tegel",Germany,,,,,t3646a,t3646a delta-variant gene target,t3646a delta-variant gene target,geneticUnitSet
r203m,r203m delta-variant gene target,r203m delta-variant gene target,geneticUnitSet,,,,,,,,,,,,,,,,,,,,,,,,,,,,,,,,,,,,,,,,,,,,,,,,,,,,,,,,,,,,,,,,,THF,"Berlin, Tempelhof (ceased operating in 2008)",Germany,,,,,t547k,t547k omicron-variant gene target,t547k omicron-variant gene target,geneticUnitSet
rdrpIP2,IP2 rdrp sars-cov-2 gene target,IP2 rdrp sars-cov-2 gene target,geneticUnitSet,,,,,,,,,,,,,,,,,,,,,,,,,,,,,,,,,,,,,,,,,,,,,,,,,,,,,,,,,,,,,,,,,BRN,"Berne, Bern-Belp",Switzerland,,,,,t9i,t9i omicron-variant gene target,t9i omicron-variant gene target,geneticUnitSet
rdrpIP4,IP4 rdrp sars-cov-2 gene target,IP4 rdrp sars-cov-2 gene target,geneticUnitSet,,,,,,,,,,,,,,,,,,,,,,,,,,,,,,,,,,,,,,,,,,,,,,,,,,,,,,,,,,,,,,,,,ZDJ,"Berne, Railway Service",Switzerland,,,,,taqpatN,TaqPath N sars-cov-2 gene target,TaqPath N sars-cov-2 gene target,geneticUnitSet
s2083i,s2083i omicron-variant gene target,s2083i omicron-variant gene target,geneticUnitSet,,,,,,,,,,,,,,,,,,,,,,,,,,,,,,,,,,,,,,,,,,,,,,,,,,,,,,,,,,,,,,,,,BIQ,Biarritz,France,,,,,taqpatS,TaqPath S sars-cov-2 gene target,TaqPath N sars-cov-2 gene target,geneticUnitSet
s371l,s371l omicron-variant gene target,s371l omicron-variant gene target,geneticUnitSet,,,,,,,,,,,,,,,,,,,,,,,,,,,,,,,,,,,,,,,,,,,,,,,,,,,,,,,,,,,,,,,,,BIO,Bilbao,Spain,,,,,v2930l,v2930l delta-variant gene target,v2930l delta-variant gene target,geneticUnitSet
s373p,s373p omicron-variant gene target,s373p omicron-variant gene target,geneticUnitSet,,,,,,,,,,,,,,,,,,,,,,,,,,,,,,,,,,,,,,,,,,,,,,,,,,,,,,,,,,,,,,,,,BLL,Billund,Denmark,,,,,y505h,y505h omicron-variant gene target,y505h omicron-variant gene target,geneticUnitSet
s375f,s375f omicron-variant gene target,s375f omicron-variant gene target,geneticUnitSet,,,,,,,,,,,,,,,,,,,,,,,,,,,,,,,,,,,,,,,,,,,,,,,,,,,,,,,,,,,,,,,,,BHX,Birmingham�- Birmingham International Airport,United Kingdom,,,,,otherM,other mutation,use for mutations not yet added to dictionary,geneticUnitSet
s477n,s477n omicron-variant gene target,s477n omicron-variant gene target,geneticUnitSet,,,,,,,,,,,,,,,,,,,,,,,,,,,,,,,,,,,,,,,,,,,,,,,,,,,,,,,,,,,,,,,,,BLK,Blackpool,United Kingdom,,,,,,*** Allele ***,,
t19r,t19r delta-variant gene target,t19r delta-variant gene target,geneticUnitSet,,,,,,,,,,,,,,,,,,,,,,,,,,,,,,,,,,,,,,,,,,,,,,,,,,,,,,,,,,,,,,,,,BOO,Bodo,Norway,,,,,covE,SARS-CoV-2-E,SARS-CoV-2 E gene.,geneticUnitSet
t3646a,t3646a delta-variant gene target,t3646a delta-variant gene target,geneticUnitSet,,,,,,,,,,,,,,,,,,,,,,,,,,,,,,,,,,,,,,,,,,,,,,,,,,,,,,,,,,,,,,,,,BJV,Bodrum - Milas Airport,Turkey,,,,,covN1,SARS-CoV-2-N1,"SARS-CoV-2 nucleocapsid gene, allele 1.",geneticUnitSet
t547k,t547k omicron-variant gene target,t547k omicron-variant gene target,geneticUnitSet,,,,,,,,,,,,,,,,,,,,,,,,,,,,,,,,,,,,,,,,,,,,,,,,,,,,,,,,,,,,,,,,,BLQ,Bologna,Italy,,,,,covN2,SARS-CoV-2-N2,"SARS-CoV-2 nucleocapsid gene, allele 2.",geneticUnitSet
t9i,t9i omicron-variant gene target,t9i omicron-variant gene target,geneticUnitSet,,,,,,,,,,,,,,,,,,,,,,,,,,,,,,,,,,,,,,,,,,,,,,,,,,,,,,,,,,,,,,,,,BOD,Bordeaux�- Bordeaux Airport,France,,,,,covN3,SARS-CoV-2-N3,"SARS-CoV-2 nucleocapsid gene, allele 3.",geneticUnitSet
taqpatN,TaqPath N sars-cov-2 gene target,TaqPath N sars-cov-2 gene target,geneticUnitSet,,,,,,,,,,,,,,,,,,,,,,,,,,,,,,,,,,,,,,,,,,,,,,,,,,,,,,,,,,,,,,,,,BOJ,Bourgas/Burgas,Bulgaria,,,,,covRdrp,SARS-CoV-2-RdRp,SARS-CoV-2 RdRp gene.,geneticUnitSet
taqpatS,TaqPath S sars-cov-2 gene target,TaqPath N sars-cov-2 gene target,geneticUnitSet,,,,,,,,,,,,,,,,,,,,,,,,,,,,,,,,,,,,,,,,,,,,,,,,,,,,,,,,,,,,,,,,,BOH,Bournemouth,United Kingdom,,,,,sGene,S sars-cov-2 gene target,S sars-cov-2 gene target,geneticUnitSet
v2930l,v2930l delta-variant gene target,v2930l delta-variant gene target,geneticUnitSet,,,,,,,,,,,,,,,,,,,,,,,,,,,,,,,,,,,,,,,,,,,,,,,,,,,,,,,,,,,,,,,,,BTS,Bratislava�- M. R. �tef�nik Airport,Slovakia,,,,,otherA,other allele,use for allele targets not yet added to dictionary,geneticUnitSet
y505h,,,,,,,,,,,,,,,,,,,,,,,,,,,,,,,,,,,,,,,,,,,,,,,,,,,,,,,,,,,,,,,,,,,,BRE,Bremen�- Bremen Airport (Flughafen Bremen),Germany,,,,,,*** Variant ***,,
covN200,,,,,,,,,,,,,,,,,,,,,,,,,,,,,,,,,,,,,,,,,,,,,,,,,,,,,,,,,,,,,,,,,,,,VBS,"Brescia, Montichiari",Italy,,,,,beta,Beta (B.1.351),B.1.351,geneticUnitSet
,,,,,,,,,,,,,,,,,,,,,,,,,,,,,,,,,,,,,,,,,,,,,,,,,,,,,,,,,,,,,,,,,,,,BES,Brest,France,,,,,covB117,SARS-CoV-2-B.1.1.7,Variant B.1.1.7 of the SARS-CoV-2 virus.,geneticUnitSet
,,,,,,,,,,,,,,,,,,,,,,,,,,,,,,,,,,,,,,,,,,,,,,,,,,,,,,,,,,,,,,,,,,,,BDS,Brindisi,Italy,,,,,covB135,SARS-CoV-2-B.1.351,Variant B.1.351 of the SARS-CoV-2 virus.,geneticUnitSet
,,,,,,,,,,,,,,,,,,,,,,,,,,,,,,,,,,,,,,,,,,,,,,,,,,,,,,,,,,,,,,,,,,,,BRS,Bristol,United Kingdom,,,,,covP1,SARS-CoV-2-P.1,Variant P.1 of the SARS-CoV-2 virus.,geneticUnitSet
,,,,,,,,,,,,,,,,,,,,,,,,,,,,,,,,,,,,,,,,,,,,,,,,,,,,,,,,,,,,,,,,,,,,BNN,Broennoeysund,Norway,,,,,delta,Delta (B.1.617.2),B.1.617.2,geneticUnitSet
,,,,,,,,,,,,,,,,,,,,,,,,,,,,,,,,,,,,,,,,,,,,,,,,,,,,,,,,,,,,,,,,,,,,BRU,Brussels�- Brussels Airport,Belgium,,,,,lamba,Lambda C.37,C.37,geneticUnitSet
,,,,,,,,,,,,,,,,,,,,,,,,,,,,,,,,,,,,,,,,,,,,,,,,,,,,,,,,,,,,,,,,,,,,BUH,Bucharest,Romania,,,,,omicr1,Omicron B.1.1.529,Omicron B.1.1.529,geneticUnitSet
,,,,,,,,,,,,,,,,,,,,,,,,,,,,,,,,,,,,,,,,,,,,,,,,,,,,,,,,,,,,,,,,,,,,OTP,Bucharest�- Henri Coand? International Airport,Romania,,,,,omicr2,Omicron BA.2,Omicron BA.2,geneticUnitSet
,,,,,,,,,,,,,,,,,,,,,,,,,,,,,,,,,,,,,,,,,,,,,,,,,,,,,,,,,,,,,,,,,,,,BUD,Budapest�- Budapest Ferihegy International Airport,Hungary,,,,,omicr275,Omicron BA.2.75,Omicron BA.2.75,geneticUnitSet
,,,,,,,,,,,,,,,,,,,,,,,,,,,,,,,,,,,,,,,,,,,,,,,,,,,,,,,,,,,,,,,,,,,,CAG,Cagliari,Italy,,,,,omicr4,Omicron BA.4,Omicron BA.4,geneticUnitSet
,,,,,,,,,,,,,,,,,,,,,,,,,,,,,,,,,,,,,,,,,,,,,,,,,,,,,,,,,,,,,,,,,,,,CLY,Calvi,France,,,,,omicr5,Omicron BA.5,Omicron BA.5,geneticUnitSet
,,,,,,,,,,,,,,,,,,,,,,,,,,,,,,,,,,,,,,,,,,,,,,,,,,,,,,,,,,,,,,,,,,,,CBG,Cambrigde,United Kingdom,,,,,otherV,other variant,use for variants not yet added to dictionary,geneticUnitSet
,,,,,,,,,,,,,,,,,,,,,,,,,,,,,,,,,,,,,,,,,,,,,,,,,,,,,,,,,,,,,,,,,,,,CAL,Campbeltown,United Kingdom,,,,,,,,
,,,,,,,,,,,,,,,,,,,,,,,,,,,,,,,,,,,,,,,,,,,,,,,,,,,,,,,,,,,,,,,,,,,,CEQ,Cannes�� Mandelieu Airport,France,,,,,,,,
,,,,,,,,,,,,,,,,,,,,,,,,,,,,,,,,,,,,,,,,,,,,,,,,,,,,,,,,,,,,,,,,,,,,CWL,Cardiff�- Cardiff Airport,United Kingdom,,,,,,,,
,,,,,,,,,,,,,,,,,,,,,,,,,,,,,,,,,,,,,,,,,,,,,,,,,,,,,,,,,,,,,,,,,,,,CTA,Catania,Italy,,,,,,,,
,,,,,,,,,,,,,,,,,,,,,,,,,,,,,,,,,,,,,,,,,,,,,,,,,,,,,,,,,,,,,,,,,,,,CBU,Cottbus - Cottbus-Drewitz Airport,Germany,,,,,,,,
,,,,,,,,,,,,,,,,,,,,,,,,,,,,,,,,,,,,,,,,,,,,,,,,,,,,,,,,,,,,,,,,,,,,CMF,Chambery,France,,,,,,,,
,,,,,,,,,,,,,,,,,,,,,,,,,,,,,,,,,,,,,,,,,,,,,,,,,,,,,,,,,,,,,,,,,,,,CHQ,Chania,Greece,,,,,,,,
,,,,,,,,,,,,,,,,,,,,,,,,,,,,,,,,,,,,,,,,,,,,,,,,,,,,,,,,,,,,,,,,,,,,JKH,Chios,Greece,,,,,,,,
,,,,,,,,,,,,,,,,,,,,,,,,,,,,,,,,,,,,,,,,,,,,,,,,,,,,,,,,,,,,,,,,,,,,KIV,Chisinau�- Chi?in?u International Airport,Moldova,,,,,,,,
,,,,,,,,,,,,,,,,,,,,,,,,,,,,,,,,,,,,,,,,,,,,,,,,,,,,,,,,,,,,,,,,,,,,CFE,Clermont Ferrand,France,,,,,,,,
,,,,,,,,,,,,,,,,,,,,,,,,,,,,,,,,,,,,,,,,,,,,,,,,,,,,,,,,,,,,,,,,,,,,CGN,Cologne�- Cologne Airport (Flughafen K�ln/Bonn),Germany,,,,,,,,
,,,,,,,,,,,,,,,,,,,,,,,,,,,,,,,,,,,,,,,,,,,,,,,,,,,,,,,,,,,,,,,,,,,,CND,Constanta�(Constan?a) - Constanta Int'l Airport,Romania,,,,,,,,
,,,,,,,,,,,,,,,,,,,,,,,,,,,,,,,,,,,,,,,,,,,,,,,,,,,,,,,,,,,,,,,,,,,,CPH,Copenhagen�- Copenhagen Airport,Denmark,,,,,,,,
,,,,,,,,,,,,,,,,,,,,,,,,,,,,,,,,,,,,,,,,,,,,,,,,,,,,,,,,,,,,,,,,,,,,ODB,Cordoba,Spain,,,,,,,,
,,,,,,,,,,,,,,,,,,,,,,,,,,,,,,,,,,,,,,,,,,,,,,,,,,,,,,,,,,,,,,,,,,,,CFU,Corfu,Greece,,,,,,,,
,,,,,,,,,,,,,,,,,,,,,,,,,,,,,,,,,,,,,,,,,,,,,,,,,,,,,,,,,,,,,,,,,,,,ORK,Cork,Ireland,,,,,,,,
,,,,,,,,,,,,,,,,,,,,,,,,,,,,,,,,,,,,,,,,,,,,,,,,,,,,,,,,,,,,,,,,,,,,CVT,Coventry - Baginton,United Kingdom,,,,,,,,
,,,,,,,,,,,,,,,,,,,,,,,,,,,,,,,,,,,,,,,,,,,,,,,,,,,,,,,,,,,,,,,,,,,,DLM,Dalaman,Turkey,,,,,,,,
,,,,,,,,,,,,,,,,,,,,,,,,,,,,,,,,,,,,,,,,,,,,,,,,,,,,,,,,,,,,,,,,,,,,HAG,Den Haag�(The Hague),Netherlands,,,,,,,,
,,,,,,,,,,,,,,,,,,,,,,,,,,,,,,,,,,,,,,,,,,,,,,,,,,,,,,,,,,,,,,,,,,,,DNZ,Denizli,Turkey,,,,,,,,
,,,,,,,,,,,,,,,,,,,,,,,,,,,,,,,,,,,,,,,,,,,,,,,,,,,,,,,,,,,,,,,,,,,,LDY,Derry (Londonderry),United Kingdom,,,,,,,,
,,,,,,,,,,,,,,,,,,,,,,,,,,,,,,,,,,,,,,,,,,,,,,,,,,,,,,,,,,,,,,,,,,,,DNR,Dinard,France,,,,,,,,
,,,,,,,,,,,,,,,,,,,,,,,,,,,,,,,,,,,,,,,,,,,,,,,,,,,,,,,,,,,,,,,,,,,,DLP,Disneyland Paris,France,,,,,,,,
,,,,,,,,,,,,,,,,,,,,,,,,,,,,,,,,,,,,,,,,,,,,,,,,,,,,,,,,,,,,,,,,,,,,DSA,"Doncaster/Sheffield, Robin Hood International Airport",United Kingdom,,,,,,,,
,,,,,,,,,,,,,,,,,,,,,,,,,,,,,,,,,,,,,,,,,,,,,,,,,,,,,,,,,,,,,,,,,,,,CFN,Donegal (Carrickfin),Ireland,,,,,,,,
,,,,,,,,,,,,,,,,,,,,,,,,,,,,,,,,,,,,,,,,,,,,,,,,,,,,,,,,,,,,,,,,,,,,DTM,Dortmund,Germany,,,,,,,,
,,,,,,,,,,,,,,,,,,,,,,,,,,,,,,,,,,,,,,,,,,,,,,,,,,,,,,,,,,,,,,,,,,,,DRS,Dresden�- Dresden Airport,Germany,,,,,,,,
,,,,,,,,,,,,,,,,,,,,,,,,,,,,,,,,,,,,,,,,,,,,,,,,,,,,,,,,,,,,,,,,,,,,DUB,Dublin�- Dublin International Airport,Ireland,,,,,,,,
,,,,,,,,,,,,,,,,,,,,,,,,,,,,,,,,,,,,,,,,,,,,,,,,,,,,,,,,,,,,,,,,,,,,DBV,Dubrovnik,Croatia�(Hrvatska),,,,,,,,
,,,,,,,,,,,,,,,,,,,,,,,,,,,,,,,,,,,,,,,,,,,,,,,,,,,,,,,,,,,,,,,,,,,,DUS,Duesseldorf�- D�sseldorf International Airport,Germany,,,,,,,,
,,,,,,,,,,,,,,,,,,,,,,,,,,,,,,,,,,,,,,,,,,,,,,,,,,,,,,,,,,,,,,,,,,,,DND,Dundee,United Kingdom,,,,,,,,
,,,,,,,,,,,,,,,,,,,,,,,,,,,,,,,,,,,,,,,,,,,,,,,,,,,,,,,,,,,,,,,,,,,,EDI,Edinburgh�- Edinburgh Airport,"Scotland,�UK",,,,,,,,
,,,,,,,,,,,,,,,,,,,,,,,,,,,,,,,,,,,,,,,,,,,,,,,,,,,,,,,,,,,,,,,,,,,,EGS,Egilsstadir,Iceland,,,,,,,,
,,,,,,,,,,,,,,,,,,,,,,,,,,,,,,,,,,,,,,,,,,,,,,,,,,,,,,,,,,,,,,,,,,,,EIN,Eindhoven,Netherlands,,,,,,,,
,,,,,,,,,,,,,,,,,,,,,,,,,,,,,,,,,,,,,,,,,,,,,,,,,,,,,,,,,,,,,,,,,,,,EBA,"Elba Island, Marina Di Campo",Italy,,,,,,,,
,,,,,,,,,,,,,,,,,,,,,,,,,,,,,,,,,,,,,,,,,,,,,,,,,,,,,,,,,,,,,,,,,,,,ENF,Enontekioe,Finland,,,,,,,,
,,,,,,,,,,,,,,,,,,,,,,,,,,,,,,,,,,,,,,,,,,,,,,,,,,,,,,,,,,,,,,,,,,,,ERF,Erfurt�- Erfurt Airport (Flughafen Erfurt),Germany,,,,,,,,
,,,,,,,,,,,,,,,,,,,,,,,,,,,,,,,,,,,,,,,,,,,,,,,,,,,,,,,,,,,,,,,,,,,,ERC,Erzincan,Turkey,,,,,,,,
,,,,,,,,,,,,,,,,,,,,,,,,,,,,,,,,,,,,,,,,,,,,,,,,,,,,,,,,,,,,,,,,,,,,ERZ,Erzurum,Turkey,,,,,,,,
,,,,,,,,,,,,,,,,,,,,,,,,,,,,,,,,,,,,,,,,,,,,,,,,,,,,,,,,,,,,,,,,,,,,EBJ,Esbjerg,Denmark,,,,,,,,
,,,,,,,,,,,,,,,,,,,,,,,,,,,,,,,,,,,,,,,,,,,,,,,,,,,,,,,,,,,,,,,,,,,,EVE,Evenes,Norway,,,,,,,,
,,,,,,,,,,,,,,,,,,,,,,,,,,,,,,,,,,,,,,,,,,,,,,,,,,,,,,,,,,,,,,,,,,,,EXT,Exeter,United Kingdom,,,,,,,,
,,,,,,,,,,,,,,,,,,,,,,,,,,,,,,,,,,,,,,,,,,,,,,,,,,,,,,,,,,,,,,,,,,,,FIE,Fair Isle (Shetland),United Kingdom,,,,,,,,
,,,,,,,,,,,,,,,,,,,,,,,,,,,,,,,,,,,,,,,,,,,,,,,,,,,,,,,,,,,,,,,,,,,,FAO,Faro,Portugal,,,,,,,,
,,,,,,,,,,,,,,,,,,,,,,,,,,,,,,,,,,,,,,,,,,,,,,,,,,,,,,,,,,,,,,,,,,,,FAE,Faroer�- V�gar Airport,Denmark,,,,,,,,
,,,,,,,,,,,,,,,,,,,,,,,,,,,,,,,,,,,,,,,,,,,,,,,,,,,,,,,,,,,,,,,,,,,,FSC,Figari,France,,,,,,,,
,,,,,,,,,,,,,,,,,,,,,,,,,,,,,,,,,,,,,,,,,,,,,,,,,,,,,,,,,,,,,,,,,,,,FLR,Florence�(Firenze) - Peretola Airport,Italy,,,,,,,,
,,,,,,,,,,,,,,,,,,,,,,,,,,,,,,,,,,,,,,,,,,,,,,,,,,,,,,,,,,,,,,,,,,,,FRO,Floro,Norway,,,,,,,,
,,,,,,,,,,,,,,,,,,,,,,,,,,,,,,,,,,,,,,,,,,,,,,,,,,,,,,,,,,,,,,,,,,,,FOU,Foula (Shetland),United Kingdom,,,,,,,,
,,,,,,,,,,,,,,,,,,,,,,,,,,,,,,,,,,,,,,,,,,,,,,,,,,,,,,,,,,,,,,,,,,,,FRA,Frankfurt/Main�- Frankfurt Airport (Rhein-Main-Flughafen),Germany,,,,,,,,
,,,,,,,,,,,,,,,,,,,,,,,,,,,,,,,,,,,,,,,,,,,,,,,,,,,,,,,,,,,,,,,,,,,,HHN,Frankfurt/Hahn,Germany,,,,,,,,
,,,,,,,,,,,,,,,,,,,,,,,,,,,,,,,,,,,,,,,,,,,,,,,,,,,,,,,,,,,,,,,,,,,,FRJ,Frejus,France,,,,,,,,
,,,,,,,,,,,,,,,,,,,,,,,,,,,,,,,,,,,,,,,,,,,,,,,,,,,,,,,,,,,,,,,,,,,,FDH,Friedrichshafen�- Bodensee-Airport Friedrichshafen,Germany,,,,,,,,
,,,,,,,,,,,,,,,,,,,,,,,,,,,,,,,,,,,,,,,,,,,,,,,,,,,,,,,,,,,,,,,,,,,,FUE,Fuerteventura,Spain,,,,,,,,
,,,,,,,,,,,,,,,,,,,,,,,,,,,,,,,,,,,,,,,,,,,,,,,,,,,,,,,,,,,,,,,,,,,,FNC,Funchal,Portugal,,,,,,,,
,,,,,,,,,,,,,,,,,,,,,,,,,,,,,,,,,,,,,,,,,,,,,,,,,,,,,,,,,,,,,,,,,,,,GWY,Galway,Ireland,,,,,,,,
,,,,,,,,,,,,,,,,,,,,,,,,,,,,,,,,,,,,,,,,,,,,,,,,,,,,,,,,,,,,,,,,,,,,GZT,Gaziantep,Turkey,,,,,,,,
,,,,,,,,,,,,,,,,,,,,,,,,,,,,,,,,,,,,,,,,,,,,,,,,,,,,,,,,,,,,,,,,,,,,GDN,Gdansk,Poland,,,,,,,,
,,,,,,,,,,,,,,,,,,,,,,,,,,,,,,,,,,,,,,,,,,,,,,,,,,,,,,,,,,,,,,,,,,,,GVA,Geneva�- Geneva-Cointrin International Airport,Switzerland,,,,,,,,
,,,,,,,,,,,,,,,,,,,,,,,,,,,,,,,,,,,,,,,,,,,,,,,,,,,,,,,,,,,,,,,,,,,,GOA,Genoa,Italy,,,,,,,,
,,,,,,,,,,,,,,,,,,,,,,,,,,,,,,,,,,,,,,,,,,,,,,,,,,,,,,,,,,,,,,,,,,,,GRO,Gerona,Spain,,,,,,,,
,,,,,,,,,,,,,,,,,,,,,,,,,,,,,,,,,,,,,,,,,,,,,,,,,,,,,,,,,,,,,,,,,,,,GNE,Ghent (Gent),Belgium,,,,,,,,
,,,,,,,,,,,,,,,,,,,,,,,,,,,,,,,,,,,,,,,,,,,,,,,,,,,,,,,,,,,,,,,,,,,,GIB,Gibraltar,Gibraltar,,,,,,,,
,,,,,,,,,,,,,,,,,,,,,,,,,,,,,,,,,,,,,,,,,,,,,,,,,,,,,,,,,,,,,,,,,,,,PIK,"Glasgow, Prestwick",United Kingdom,,,,,,,,
,,,,,,,,,,,,,,,,,,,,,,,,,,,,,,,,,,,,,,,,,,,,,,,,,,,,,,,,,,,,,,,,,,,,GLA,Glasgow,United Kingdom,,,,,,,,
,,,,,,,,,,,,,,,,,,,,,,,,,,,,,,,,,,,,,,,,,,,,,,,,,,,,,,,,,,,,,,,,,,,,GOZ,Gorna,Bulgaria,,,,,,,,
,,,,,,,,,,,,,,,,,,,,,,,,,,,,,,,,,,,,,,,,,,,,,,,,,,,,,,,,,,,,,,,,,,,,GOT,Gothenburg (G�teborg) - Landvetter,Sweden,,,,,,,,
,,,,,,,,,,,,,,,,,,,,,,,,,,,,,,,,,,,,,,,,,,,,,,,,,,,,,,,,,,,,,,,,,,,,GRX,Granada,Spain,,,,,,,,
,,,,,,,,,,,,,,,,,,,,,,,,,,,,,,,,,,,,,,,,,,,,,,,,,,,,,,,,,,,,,,,,,,,,GRZ,Graz,Austria,,,,,,,,
,,,,,,,,,,,,,,,,,,,,,,,,,,,,,,,,,,,,,,,,,,,,,,,,,,,,,,,,,,,,,,,,,,,,GNB,Grenoble,France,,,,,,,,
,,,,,,,,,,,,,,,,,,,,,,,,,,,,,,,,,,,,,,,,,,,,,,,,,,,,,,,,,,,,,,,,,,,,GRQ,Groningen - Eelde,Netherlands,,,,,,,,
,,,,,,,,,,,,,,,,,,,,,,,,,,,,,,,,,,,,,,,,,,,,,,,,,,,,,,,,,,,,,,,,,,,,GTI,Guettin,Germany,,,,,,,,
,,,,,,,,,,,,,,,,,,,,,,,,,,,,,,,,,,,,,,,,,,,,,,,,,,,,,,,,,,,,,,,,,,,,HAM,Hamburg�- Fuhlsbuettel,Germany,,,,,,,,
,,,,,,,,,,,,,,,,,,,,,,,,,,,,,,,,,,,,,,,,,,,,,,,,,,,,,,,,,,,,,,,,,,,,HFT,Hammerfest,Norway,,,,,,,,
,,,,,,,,,,,,,,,,,,,,,,,,,,,,,,,,,,,,,,,,,,,,,,,,,,,,,,,,,,,,,,,,,,,,HAJ,Hannover,Germany,,,,,,,,
,,,,,,,,,,,,,,,,,,,,,,,,,,,,,,,,,,,,,,,,,,,,,,,,,,,,,,,,,,,,,,,,,,,,HAU,Haugesund,Norway,,,,,,,,
,,,,,,,,,,,,,,,,,,,,,,,,,,,,,,,,,,,,,,,,,,,,,,,,,,,,,,,,,,,,,,,,,,,,JHE,Helsingborg,Sweden,,,,,,,,
,,,,,,,,,,,,,,,,,,,,,,,,,,,,,,,,,,,,,,,,,,,,,,,,,,,,,,,,,,,,,,,,,,,,HEL,Helsinki�- Vantaa,Finland,,,,,,,,
,,,,,,,,,,,,,,,,,,,,,,,,,,,,,,,,,,,,,,,,,,,,,,,,,,,,,,,,,,,,,,,,,,,,HER,Heraklion,Greece,,,,,,,,
,,,,,,,,,,,,,,,,,,,,,,,,,,,,,,,,,,,,,,,,,,,,,,,,,,,,,,,,,,,,,,,,,,,,HOQ,Hof,Germany,,,,,,,,
,,,,,,,,,,,,,,,,,,,,,,,,,,,,,,,,,,,,,,,,,,,,,,,,,,,,,,,,,,,,,,,,,,,,HOR,Horta,Portugal,,,,,,,,
,,,,,,,,,,,,,,,,,,,,,,,,,,,,,,,,,,,,,,,,,,,,,,,,,,,,,,,,,,,,,,,,,,,,HUY,Humberside,United Kingdom,,,,,,,,
,,,,,,,,,,,,,,,,,,,,,,,,,,,,,,,,,,,,,,,,,,,,,,,,,,,,,,,,,,,,,,,,,,,,IBZ,Ibiza,Ibiza/Spain,,,,,,,,
,,,,,,,,,,,,,,,,,,,,,,,,,,,,,,,,,,,,,,,,,,,,,,,,,,,,,,,,,,,,,,,,,,,,INN,Innsbruck - Kranebitten,Austria,,,,,,,,
,,,,,,,,,,,,,,,,,,,,,,,,,,,,,,,,,,,,,,,,,,,,,,,,,,,,,,,,,,,,,,,,,,,,INV,Inverness,United Kingdom,,,,,,,,
,,,,,,,,,,,,,,,,,,,,,,,,,,,,,,,,,,,,,,,,,,,,,,,,,,,,,,,,,,,,,,,,,,,,ILY,Islay,United Kingdom,,,,,,,,
,,,,,,,,,,,,,,,,,,,,,,,,,,,,,,,,,,,,,,,,,,,,,,,,,,,,,,,,,,,,,,,,,,,,IOM,Isle of Man,,,,,,,,,
,,,,,,,,,,,,,,,,,,,,,,,,,,,,,,,,,,,,,,,,,,,,,,,,,,,,,,,,,,,,,,,,,,,,IST,Istanbul�- Istanbul Atat�rk Airport,Turkey,,,,,,,,
,,,,,,,,,,,,,,,,,,,,,,,,,,,,,,,,,,,,,,,,,,,,,,,,,,,,,,,,,,,,,,,,,,,,SAW,Istanbul�- Sabiha Gokcen,Turkey,,,,,,,,
,,,,,,,,,,,,,,,,,,,,,,,,,,,,,,,,,,,,,,,,,,,,,,,,,,,,,,,,,,,,,,,,,,,,IVL,Ivalo,Finland,,,,,,,,
,,,,,,,,,,,,,,,,,,,,,,,,,,,,,,,,,,,,,,,,,,,,,,,,,,,,,,,,,,,,,,,,,,,,IZM,Izmir,Turkey,,,,,,,,
,,,,,,,,,,,,,,,,,,,,,,,,,,,,,,,,,,,,,,,,,,,,,,,,,,,,,,,,,,,,,,,,,,,,ADB,Izmir - Adnan Menderes Airport,Turkey,,,,,,,,
,,,,,,,,,,,,,,,,,,,,,,,,,,,,,,,,,,,,,,,,,,,,,,,,,,,,,,,,,,,,,,,,,,,,JAM,Jambol,Bulgaria,,,,,,,,
,,,,,,,,,,,,,,,,,,,,,,,,,,,,,,,,,,,,,,,,,,,,,,,,,,,,,,,,,,,,,,,,,,,,XRY,Jerez de la Frontera/Cadiz - La Parra,Spain,,,,,,,,
,,,,,,,,,,,,,,,,,,,,,,,,,,,,,,,,,,,,,,,,,,,,,,,,,,,,,,,,,,,,,,,,,,,,JKG,J�nk�ping (Jonkoping) - Axamo Airport,Sweden,,,,,,,,
,,,,,,,,,,,,,,,,,,,,,,,,,,,,,,,,,,,,,,,,,,,,,,,,,,,,,,,,,,,,,,,,,,,,JOE,Joensuu,Finland,,,,,,,,
,,,,,,,,,,,,,,,,,,,,,,,,,,,,,,,,,,,,,,,,,,,,,,,,,,,,,,,,,,,,,,,,,,,,JUI,Juist (island),Germany,,,,,,,,
,,,,,,,,,,,,,,,,,,,,,,,,,,,,,,,,,,,,,,,,,,,,,,,,,,,,,,,,,,,,,,,,,,,,JYV,Jyv�skyl� (Jyvaskyla),Finland,,,,,,,,
,,,,,,,,,,,,,,,,,,,,,,,,,,,,,,,,,,,,,,,,,,,,,,,,,,,,,,,,,,,,,,,,,,,,KCM,Kahramanmaras,Turkey,,,,,,,,
,,,,,,,,,,,,,,,,,,,,,,,,,,,,,,,,,,,,,,,,,,,,,,,,,,,,,,,,,,,,,,,,,,,,KAJ,Kajaani,Finland,,,,,,,,
,,,,,,,,,,,,,,,,,,,,,,,,,,,,,,,,,,,,,,,,,,,,,,,,,,,,,,,,,,,,,,,,,,,,KLX,Kalamata,Greece,,,,,,,,
,,,,,,,,,,,,,,,,,,,,,,,,,,,,,,,,,,,,,,,,,,,,,,,,,,,,,,,,,,,,,,,,,,,,KLR,Kalmar,Sweden,,,,,,,,
,,,,,,,,,,,,,,,,,,,,,,,,,,,,,,,,,,,,,,,,,,,,,,,,,,,,,,,,,,,,,,,,,,,,FKB,Karlsruhe-Baden - Soellingen,Germany,,,,,,,,
,,,,,,,,,,,,,,,,,,,,,,,,,,,,,,,,,,,,,,,,,,,,,,,,,,,,,,,,,,,,,,,,,,,,KSD,Karlstad,Sweden,,,,,,,,
,,,,,,,,,,,,,,,,,,,,,,,,,,,,,,,,,,,,,,,,,,,,,,,,,,,,,,,,,,,,,,,,,,,,AOK,Karpathos,Greece,,,,,,,,
,,,,,,,,,,,,,,,,,,,,,,,,,,,,,,,,,,,,,,,,,,,,,,,,,,,,,,,,,,,,,,,,,,,,KYS,Kars,Turkey,,,,,,,,
,,,,,,,,,,,,,,,,,,,,,,,,,,,,,,,,,,,,,,,,,,,,,,,,,,,,,,,,,,,,,,,,,,,,KRP,Karup,Denmark,,,,,,,,
,,,,,,,,,,,,,,,,,,,,,,,,,,,,,,,,,,,,,,,,,,,,,,,,,,,,,,,,,,,,,,,,,,,,KHJ,Kauhajoki,Finland,,,,,,,,
,,,,,,,,,,,,,,,,,,,,,,,,,,,,,,,,,,,,,,,,,,,,,,,,,,,,,,,,,,,,,,,,,,,,KVA,Kavalla,Greece,,,,,,,,
,,,,,,,,,,,,,,,,,,,,,,,,,,,,,,,,,,,,,,,,,,,,,,,,,,,,,,,,,,,,,,,,,,,,ASR,Kayseri,Turkey,,,,,,,,
,,,,,,,,,,,,,,,,,,,,,,,,,,,,,,,,,,,,,,,,,,,,,,,,,,,,,,,,,,,,,,,,,,,,KEM,Kemi/Tornio,Finland,,,,,,,,
,,,,,,,,,,,,,,,,,,,,,,,,,,,,,,,,,,,,,,,,,,,,,,,,,,,,,,,,,,,,,,,,,,,,MSE,Kent (Manston) Kent International,United Kingdom,,,,,,,,
,,,,,,,,,,,,,,,,,,,,,,,,,,,,,,,,,,,,,,,,,,,,,,,,,,,,,,,,,,,,,,,,,,,,KIR,Kerry County,Ireland,,,,,,,,
,,,,,,,,,,,,,,,,,,,,,,,,,,,,,,,,,,,,,,,,,,,,,,,,,,,,,,,,,,,,,,,,,,,,HRK,Kharkov,Ukraine,,,,,,,,
,,,,,,,,,,,,,,,,,,,,,,,,,,,,,,,,,,,,,,,,,,,,,,,,,,,,,,,,,,,,,,,,,,,,KEL,Kiel�- Holtenau,Germany,,,,,,,,
,,,,,,,,,,,,,,,,,,,,,,,,,,,,,,,,,,,,,,,,,,,,,,,,,,,,,,,,,,,,,,,,,,,,KBP,Kiev�- Borispol,Ukraine,,,,,,,,
,,,,,,,,,,,,,,,,,,,,,,,,,,,,,,,,,,,,,,,,,,,,,,,,,,,,,,,,,,,,,,,,,,,,IEV,Kiev�- Zhulhany,Ukraine,,,,,,,,
,,,,,,,,,,,,,,,,,,,,,,,,,,,,,,,,,,,,,,,,,,,,,,,,,,,,,,,,,,,,,,,,,,,,KKN,Kirkenes,Norway,,,,,,,,
,,,,,,,,,,,,,,,,,,,,,,,,,,,,,,,,,,,,,,,,,,,,,,,,,,,,,,,,,,,,,,,,,,,,KOI,Kirkwall (Orkney),United Kingdom,,,,,,,,
,,,,,,,,,,,,,,,,,,,,,,,,,,,,,,,,,,,,,,,,,,,,,,,,,,,,,,,,,,,,,,,,,,,,KRN,Kiruna,Sweden,,,,,,,,
,,,,,,,,,,,,,,,,,,,,,,,,,,,,,,,,,,,,,,,,,,,,,,,,,,,,,,,,,,,,,,,,,,,,KTT,Kittil�,Finland,,,,,,,,
,,,,,,,,,,,,,,,,,,,,,,,,,,,,,,,,,,,,,,,,,,,,,,,,,,,,,,,,,,,,,,,,,,,,KLU,Klagenfurt,Austria,,,,,,,,
,,,,,,,,,,,,,,,,,,,,,,,,,,,,,,,,,,,,,,,,,,,,,,,,,,,,,,,,,,,,,,,,,,,,NOC,Knock,Ireland,,,,,,,,
,,,,,,,,,,,,,,,,,,,,,,,,,,,,,,,,,,,,,,,,,,,,,,,,,,,,,,,,,,,,,,,,,,,,CGN,"K�ln, K�ln/Bonn",Germany,,,,,,,,
,,,,,,,,,,,,,,,,,,,,,,,,,,,,,,,,,,,,,,,,,,,,,,,,,,,,,,,,,,,,,,,,,,,,KOK,Kokkola/Pietarsaari,Finland,,,,,,,,
,,,,,,,,,,,,,,,,,,,,,,,,,,,,,,,,,,,,,,,,,,,,,,,,,,,,,,,,,,,,,,,,,,,,KYA,Konya,Turkey,,,,,,,,
,,,,,,,,,,,,,,,,,,,,,,,,,,,,,,,,,,,,,,,,,,,,,,,,,,,,,,,,,,,,,,,,,,,,KGS,Kos,Greece,,,,,,,,
,,,,,,,,,,,,,,,,,,,,,,,,,,,,,,,,,,,,,,,,,,,,,,,,,,,,,,,,,,,,,,,,,,,,KRK,Krakow (Cracow) - John Paul II International Airport,Poland,,,,,,,,
,,,,,,,,,,,,,,,,,,,,,,,,,,,,,,,,,,,,,,,,,,,,,,,,,,,,,,,,,,,,,,,,,,,,KRS,Kristiansand,Norway,,,,,,,,
,,,,,,,,,,,,,,,,,,,,,,,,,,,,,,,,,,,,,,,,,,,,,,,,,,,,,,,,,,,,,,,,,,,,KID,Kristianstad,Sweden,,,,,,,,
,,,,,,,,,,,,,,,,,,,,,,,,,,,,,,,,,,,,,,,,,,,,,,,,,,,,,,,,,,,,,,,,,,,,KSU,Kristiansund,Norway,,,,,,,,
,,,,,,,,,,,,,,,,,,,,,,,,,,,,,,,,,,,,,,,,,,,,,,,,,,,,,,,,,,,,,,,,,,,,KUO,Kuopio,Finland,,,,,,,,
,,,,,,,,,,,,,,,,,,,,,,,,,,,,,,,,,,,,,,,,,,,,,,,,,,,,,,,,,,,,,,,,,,,,KAO,Kuusamo,Finland,,,,,,,,
,,,,,,,,,,,,,,,,,,,,,,,,,,,,,,,,,,,,,,,,,,,,,,,,,,,,,,,,,,,,,,,,,,,,LCG,La Coruna,Spain,,,,,,,,
,,,,,,,,,,,,,,,,,,,,,,,,,,,,,,,,,,,,,,,,,,,,,,,,,,,,,,,,,,,,,,,,,,,,LRH,La Rochelle,France,,,,,,,,
,,,,,,,,,,,,,,,,,,,,,,,,,,,,,,,,,,,,,,,,,,,,,,,,,,,,,,,,,,,,,,,,,,,,LKL,Lakselv,Norway,,,,,,,,
,,,,,,,,,,,,,,,,,,,,,,,,,,,,,,,,,,,,,,,,,,,,,,,,,,,,,,,,,,,,,,,,,,,,SUF,Lamezia Terme,Italy,,,,,,,,
,,,,,,,,,,,,,,,,,,,,,,,,,,,,,,,,,,,,,,,,,,,,,,,,,,,,,,,,,,,,,,,,,,,,LMP,Lampedusa,Italy,,,,,,,,
,,,,,,,,,,,,,,,,,,,,,,,,,,,,,,,,,,,,,,,,,,,,,,,,,,,,,,,,,,,,,,,,,,,,LEQ,Land's End,United Kingdom,,,,,,,,
,,,,,,,,,,,,,,,,,,,,,,,,,,,,,,,,,,,,,,,,,,,,,,,,,,,,,,,,,,,,,,,,,,,,LAI,Lannion,France,,,,,,,,
,,,,,,,,,,,,,,,,,,,,,,,,,,,,,,,,,,,,,,,,,,,,,,,,,,,,,,,,,,,,,,,,,,,,LPP,Lappeenranta,Finland,,,,,,,,
,,,,,,,,,,,,,,,,,,,,,,,,,,,,,,,,,,,,,,,,,,,,,,,,,,,,,,,,,,,,,,,,,,,,LCA,Larnaca,Cyprus,,,,,,,,
,,,,,,,,,,,,,,,,,,,,,,,,,,,,,,,,,,,,,,,,,,,,,,,,,,,,,,,,,,,,,,,,,,,,LPA,Las Palmas,Spain,,,,,,,,
,,,,,,,,,,,,,,,,,,,,,,,,,,,,,,,,,,,,,,,,,,,,,,,,,,,,,,,,,,,,,,,,,,,,LBA,Leeds/Bradford,United Kingdom,,,,,,,,
,,,,,,,,,,,,,,,,,,,,,,,,,,,,,,,,,,,,,,,,,,,,,,,,,,,,,,,,,,,,,,,,,,,,LEJ,Leipzig,Germany,,,,,,,,
,,,,,,,,,,,,,,,,,,,,,,,,,,,,,,,,,,,,,,,,,,,,,,,,,,,,,,,,,,,,,,,,,,,,LEY,Lelystad,Netherlands,,,,,,,,
,,,,,,,,,,,,,,,,,,,,,,,,,,,,,,,,,,,,,,,,,,,,,,,,,,,,,,,,,,,,,,,,,,,,LWK,Lerwick/Tingwall (Shetland Islands),United Kingdom,,,,,,,,
,,,,,,,,,,,,,,,,,,,,,,,,,,,,,,,,,,,,,,,,,,,,,,,,,,,,,,,,,,,,,,,,,,,,LDK,Lidkoeping,Sweden,,,,,,,,
,,,,,,,,,,,,,,,,,,,,,,,,,,,,,,,,,,,,,,,,,,,,,,,,,,,,,,,,,,,,,,,,,,,,LGG,Liege,Belgium,,,,,,,,
,,,,,,,,,,,,,,,,,,,,,,,,,,,,,,,,,,,,,,,,,,,,,,,,,,,,,,,,,,,,,,,,,,,,LIL,Lille�- Lille Airport,France,,,,,,,,
,,,,,,,,,,,,,,,,,,,,,,,,,,,,,,,,,,,,,,,,,,,,,,,,,,,,,,,,,,,,,,,,,,,,QLI,Limassol,Cyprus,,,,,,,,
,,,,,,,,,,,,,,,,,,,,,,,,,,,,,,,,,,,,,,,,,,,,,,,,,,,,,,,,,,,,,,,,,,,,LIG,Limoges,France,,,,,,,,
,,,,,,,,,,,,,,,,,,,,,,,,,,,,,,,,,,,,,,,,,,,,,,,,,,,,,,,,,,,,,,,,,,,,LNZ,Linz - Hoersching,Austria,,,,,,,,
,,,,,,,,,,,,,,,,,,,,,,,,,,,,,,,,,,,,,,,,,,,,,,,,,,,,,,,,,,,,,,,,,,,,LIS,Lisbon�- Lisboa,Portugal,,,,,,,,
,,,,,,,,,,,,,,,,,,,,,,,,,,,,,,,,,,,,,,,,,,,,,,,,,,,,,,,,,,,,,,,,,,,,LPL,Liverpool,United Kingdom,,,,,,,,
,,,,,,,,,,,,,,,,,,,,,,,,,,,,,,,,,,,,,,,,,,,,,,,,,,,,,,,,,,,,,,,,,,,,LJU,Ljubljana�- Brnik,Slovenia,,,,,,,,
,,,,,,,,,,,,,,,,,,,,,,,,,,,,,,,,,,,,,,,,,,,,,,,,,,,,,,,,,,,,,,,,,,,,LON,London�Metropolitan Area,United Kingdom,,,,,,,,
,,,,,,,,,,,,,,,,,,,,,,,,,,,,,,,,,,,,,,,,,,,,,,,,,,,,,,,,,,,,,,,,,,,,LCY,London�- City Airport,United Kingdom,,,,,,,,
,,,,,,,,,,,,,,,,,,,,,,,,,,,,,,,,,,,,,,,,,,,,,,,,,,,,,,,,,,,,,,,,,,,,LGW,London�- Gatwick,United Kingdom,,,,,,,,
,,,,,,,,,,,,,,,,,,,,,,,,,,,,,,,,,,,,,,,,,,,,,,,,,,,,,,,,,,,,,,,,,,,,LHR,London�- Heathrow,United Kingdom,,,,,,,,
,,,,,,,,,,,,,,,,,,,,,,,,,,,,,,,,,,,,,,,,,,,,,,,,,,,,,,,,,,,,,,,,,,,,LTN,London�- Luton,United Kingdom,,,,,,,,
,,,,,,,,,,,,,,,,,,,,,,,,,,,,,,,,,,,,,,,,,,,,,,,,,,,,,,,,,,,,,,,,,,,,STN,London�- Stansted,United Kingdom,,,,,,,,
,,,,,,,,,,,,,,,,,,,,,,,,,,,,,,,,,,,,,,,,,,,,,,,,,,,,,,,,,,,,,,,,,,,,LDY,Londonderry - Eglinton,United Kingdom,,,,,,,,
,,,,,,,,,,,,,,,,,,,,,,,,,,,,,,,,,,,,,,,,,,,,,,,,,,,,,,,,,,,,,,,,,,,,LRT,Lorient,France,,,,,,,,
,,,,,,,,,,,,,,,,,,,,,,,,,,,,,,,,,,,,,,,,,,,,,,,,,,,,,,,,,,,,,,,,,,,,LSZ,Losinj - Losinj Arpt,Croatia�(Hrvatska),,,,,,,,
,,,,,,,,,,,,,,,,,,,,,,,,,,,,,,,,,,,,,,,,,,,,,,,,,,,,,,,,,,,,,,,,,,,,LDE,Lourdes/Tarbes,France,,,,,,,,
,,,,,,,,,,,,,,,,,,,,,,,,,,,,,,,,,,,,,,,,,,,,,,,,,,,,,,,,,,,,,,,,,,,,MLA,Luga,Malta,,,,,,,,
,,,,,,,,,,,,,,,,,,,,,,,,,,,,,,,,,,,,,,,,,,,,,,,,,,,,,,,,,,,,,,,,,,,,LUG,Lugano,Switzerland,,,,,,,,
,,,,,,,,,,,,,,,,,,,,,,,,,,,,,,,,,,,,,,,,,,,,,,,,,,,,,,,,,,,,,,,,,,,,LLA,Lulea,Sweden,,,,,,,,
,,,,,,,,,,,,,,,,,,,,,,,,,,,,,,,,,,,,,,,,,,,,,,,,,,,,,,,,,,,,,,,,,,,,LUX,Luxembourg,Luxembourg,,,,,,,,
,,,,,,,,,,,,,,,,,,,,,,,,,,,,,,,,,,,,,,,,,,,,,,,,,,,,,,,,,,,,,,,,,,,,LWO,"Lvov (Lwow, Lemberg)",Ukraine,,,,,,,,
,,,,,,,,,,,,,,,,,,,,,,,,,,,,,,,,,,,,,,,,,,,,,,,,,,,,,,,,,,,,,,,,,,,,LYX,Lydd - Lydd International Airport,United Kingdom,,,,,,,,
,,,,,,,,,,,,,,,,,,,,,,,,,,,,,,,,,,,,,,,,,,,,,,,,,,,,,,,,,,,,,,,,,,,,LYS,Lyon�-�Lyon-Saint Exup�ry Airport�,France,,,,,,,,
,,,,,,,,,,,,,,,,,,,,,,,,,,,,,,,,,,,,,,,,,,,,,,,,,,,,,,,,,,,,,,,,,,,,MST,Maastricht/Aachen,Netherlands,,,,,,,,
,,,,,,,,,,,,,,,,,,,,,,,,,,,,,,,,,,,,,,,,,,,,,,,,,,,,,,,,,,,,,,,,,,,,MAD,Madrid�- Barajas Airport,Spain,,,,,,,,
,,,,,,,,,,,,,,,,,,,,,,,,,,,,,,,,,,,,,,,,,,,,,,,,,,,,,,,,,,,,,,,,,,,,MAH,Mahon,Spain,,,,,,,,
,,,,,,,,,,,,,,,,,,,,,,,,,,,,,,,,,,,,,,,,,,,,,,,,,,,,,,,,,,,,,,,,,,,,AGP,Malaga,Spain,,,,,,,,
,,,,,,,,,,,,,,,,,,,,,,,,,,,,,,,,,,,,,,,,,,,,,,,,,,,,,,,,,,,,,,,,,,,,MLX,Malatya,Turkey,,,,,,,,
,,,,,,,,,,,,,,,,,,,,,,,,,,,,,,,,,,,,,,,,,,,,,,,,,,,,,,,,,,,,,,,,,,,,MMA,Malmo�(Malmoe),Sweden,,,,,,,,
,,,,,,,,,,,,,,,,,,,,,,,,,,,,,,,,,,,,,,,,,,,,,,,,,,,,,,,,,,,,,,,,,,,,MMX,Malmo�(Malm�) - Malm� Airport,Sweden,,,,,,,,
,,,,,,,,,,,,,,,,,,,,,,,,,,,,,,,,,,,,,,,,,,,,,,,,,,,,,,,,,,,,,,,,,,,,MAN,Manchester,United Kingdom,,,,,,,,
,,,,,,,,,,,,,,,,,,,,,,,,,,,,,,,,,,,,,,,,,,,,,,,,,,,,,,,,,,,,,,,,,,,,KCM,Maras,Turkey,,,,,,,,
,,,,,,,,,,,,,,,,,,,,,,,,,,,,,,,,,,,,,,,,,,,,,,,,,,,,,,,,,,,,,,,,,,,,MQM,Mardin,Turkey,,,,,,,,
,,,,,,,,,,,,,,,,,,,,,,,,,,,,,,,,,,,,,,,,,,,,,,,,,,,,,,,,,,,,,,,,,,,,MBX,Maribor,Slovenia,,,,,,,,
,,,,,,,,,,,,,,,,,,,,,,,,,,,,,,,,,,,,,,,,,,,,,,,,,,,,,,,,,,,,,,,,,,,,MHQ,Mariehamn (Maarianhamina),Finland,,,,,,,,
,,,,,,,,,,,,,,,,,,,,,,,,,,,,,,,,,,,,,,,,,,,,,,,,,,,,,,,,,,,,,,,,,,,,MRS,Marseille�- Marseille Provence Airport,France,,,,,,,,
,,,,,,,,,,,,,,,,,,,,,,,,,,,,,,,,,,,,,,,,,,,,,,,,,,,,,,,,,,,,,,,,,,,,MZM,Metz - �Frescaty,France,,,,,,,,
,,,,,,,,,,,,,,,,,,,,,,,,,,,,,,,,,,,,,,,,,,,,,,,,,,,,,,,,,,,,,,,,,,,,ETZ,Metz/Nancy Metz-Nancy-Lorraine,France,,,,,,,,
,,,,,,,,,,,,,,,,,,,,,,,,,,,,,,,,,,,,,,,,,,,,,,,,,,,,,,,,,,,,,,,,,,,,MIK,Mikkeli,Finland,,,,,,,,
,,,,,,,,,,,,,,,,,,,,,,,,,,,,,,,,,,,,,,,,,,,,,,,,,,,,,,,,,,,,,,,,,,,,MIL,Milan,Italy,,,,,,,,
,,,,,,,,,,,,,,,,,,,,,,,,,,,,,,,,,,,,,,,,,,,,,,,,,,,,,,,,,,,,,,,,,,,,LIN,Milan�- Linate,Italy,,,,,,,,
,,,,,,,,,,,,,,,,,,,,,,,,,,,,,,,,,,,,,,,,,,,,,,,,,,,,,,,,,,,,,,,,,,,,MXP,Milan�- Malpensa,Italy,,,,,,,,
,,,,,,,,,,,,,,,,,,,,,,,,,,,,,,,,,,,,,,,,,,,,,,,,,,,,,,,,,,,,,,,,,,,,BGY,Milan�- Orio Al Serio,Italy,,,,,,,,
,,,,,,,,,,,,,,,,,,,,,,,,,,,,,,,,,,,,,,,,,,,,,,,,,,,,,,,,,,,,,,,,,,,,MPL,Montpellier�- Montpellier�M�diterran�e Airport,France,,,,,,,,
,,,,,,,,,,,,,,,,,,,,,,,,,,,,,,,,,,,,,,,,,,,,,,,,,,,,,,,,,,,,,,,,,,,,OMO,Mostar,Bosnia and Herzegovina,,,,,,,,
,,,,,,,,,,,,,,,,,,,,,,,,,,,,,,,,,,,,,,,,,,,,,,,,,,,,,,,,,,,,,,,,,,,,MUC,Muenchen�(Munich) - Franz Josef Strauss,Germany,,,,,,,,
,,,,,,,,,,,,,,,,,,,,,,,,,,,,,,,,,,,,,,,,,,,,,,,,,,,,,,,,,,,,,,,,,,,,FMO,Muenster/Osnabrueck,Germany,,,,,,,,
,,,,,,,,,,,,,,,,,,,,,,,,,,,,,,,,,,,,,,,,,,,,,,,,,,,,,,,,,,,,,,,,,,,,MLH,Mulhouse,France,,,,,,,,
,,,,,,,,,,,,,,,,,,,,,,,,,,,,,,,,,,,,,,,,,,,,,,,,,,,,,,,,,,,,,,,,,,,,MJV,Murcia,Spain,,,,,,,,
,,,,,,,,,,,,,,,,,,,,,,,,,,,,,,,,,,,,,,,,,,,,,,,,,,,,,,,,,,,,,,,,,,,,MSR,Mus,Turkey,,,,,,,,
,,,,,,,,,,,,,,,,,,,,,,,,,,,,,,,,,,,,,,,,,,,,,,,,,,,,,,,,,,,,,,,,,,,,JMK,Mykonos,Greece,,,,,,,,
,,,,,,,,,,,,,,,,,,,,,,,,,,,,,,,,,,,,,,,,,,,,,,,,,,,,,,,,,,,,,,,,,,,,MJT,Mytilene (Lesbos),Greece,,,,,,,,
,,,,,,,,,,,,,,,,,,,,,,,,,,,,,,,,,,,,,,,,,,,,,,,,,,,,,,,,,,,,,,,,,,,,ENC,Nancy,France,,,,,,,,
,,,,,,,,,,,,,,,,,,,,,,,,,,,,,,,,,,,,,,,,,,,,,,,,,,,,,,,,,,,,,,,,,,,,NTE,Nantes�- Nantes Atlantique Airport,France,,,,,,,,
,,,,,,,,,,,,,,,,,,,,,,,,,,,,,,,,,,,,,,,,,,,,,,,,,,,,,,,,,,,,,,,,,,,,NAP,Naples�- Naples Capodichino Airport,Italy,,,,,,,,
,,,,,,,,,,,,,,,,,,,,,,,,,,,,,,,,,,,,,,,,,,,,,,,,,,,,,,,,,,,,,,,,,,,,JNX,Naxos - Naxos Airport,Greece,,,,,,,,
,,,,,,,,,,,,,,,,,,,,,,,,,,,,,,,,,,,,,,,,,,,,,,,,,,,,,,,,,,,,,,,,,,,,NQY,Newquay,United Kingdom,,,,,,,,
,,,,,,,,,,,,,,,,,,,,,,,,,,,,,,,,,,,,,,,,,,,,,,,,,,,,,,,,,,,,,,,,,,,,NCL,Newcastle,United Kingdom,,,,,,,,
,,,,,,,,,,,,,,,,,,,,,,,,,,,,,,,,,,,,,,,,,,,,,,,,,,,,,,,,,,,,,,,,,,,,NCE,Nice�- Cote D'Azur Airport,France,,,,,,,,
,,,,,,,,,,,,,,,,,,,,,,,,,,,,,,,,,,,,,,,,,,,,,,,,,,,,,,,,,,,,,,,,,,,,NIC,Nicosia,Cyprus,,,,,,,,
,,,,,,,,,,,,,,,,,,,,,,,,,,,,,,,,,,,,,,,,,,,,,,,,,,,,,,,,,,,,,,,,,,,,NLV,Nikolaev,Ukraine,,,,,,,,
,,,,,,,,,,,,,,,,,,,,,,,,,,,,,,,,,,,,,,,,,,,,,,,,,,,,,,,,,,,,,,,,,,,,FNI,Nimes,France,,,,,,,,
,,,,,,,,,,,,,,,,,,,,,,,,,,,,,,,,,,,,,,,,,,,,,,,,,,,,,,,,,,,,,,,,,,,,INI,Nis,Serbia,,,,,,,,
,,,,,,,,,,,,,,,,,,,,,,,,,,,,,,,,,,,,,,,,,,,,,,,,,,,,,,,,,,,,,,,,,,,,NRK,Norrkoeping,Sweden,,,,,,,,
,,,,,,,,,,,,,,,,,,,,,,,,,,,,,,,,,,,,,,,,,,,,,,,,,,,,,,,,,,,,,,,,,,,,NWI,Norwich,United Kingdom,,,,,,,,
,,,,,,,,,,,,,,,,,,,,,,,,,,,,,,,,,,,,,,,,,,,,,,,,,,,,,,,,,,,,,,,,,,,,EMA,Nottingham - East Midlands,United Kingdom,,,,,,,,
,,,,,,,,,,,,,,,,,,,,,,,,,,,,,,,,,,,,,,,,,,,,,,,,,,,,,,,,,,,,,,,,,,,,QND,Novi Sad,Serbia,,,,,,,,
,,,,,,,,,,,,,,,,,,,,,,,,,,,,,,,,,,,,,,,,,,,,,,,,,,,,,,,,,,,,,,,,,,,,NUE,N�rnberg (Nuremberg),Germany,,,,,,,,
,,,,,,,,,,,,,,,,,,,,,,,,,,,,,,,,,,,,,,,,,,,,,,,,,,,,,,,,,,,,,,,,,,,,ODE,Odense,Denmark,,,,,,,,
,,,,,,,,,,,,,,,,,,,,,,,,,,,,,,,,,,,,,,,,,,,,,,,,,,,,,,,,,,,,,,,,,,,,ODS,Odessa,Ukraine,,,,,,,,
,,,,,,,,,,,,,,,,,,,,,,,,,,,,,,,,,,,,,,,,,,,,,,,,,,,,,,,,,,,,,,,,,,,,ORB,Oerebro,Sweden,,,,,,,,
,,,,,,,,,,,,,,,,,,,,,,,,,,,,,,,,,,,,,,,,,,,,,,,,,,,,,,,,,,,,,,,,,,,,OHD,Ohrid,Macedonia,,,,,,,,
,,,,,,,,,,,,,,,,,,,,,,,,,,,,,,,,,,,,,,,,,,,,,,,,,,,,,,,,,,,,,,,,,,,,OLB,Olbia,Italy,,,,,,,,
,,,,,,,,,,,,,,,,,,,,,,,,,,,,,,,,,,,,,,,,,,,,,,,,,,,,,,,,,,,,,,,,,,,,KOI,Orkney - Kirkwall,United Kingdom,,,,,,,,
,,,,,,,,,,,,,,,,,,,,,,,,,,,,,,,,,,,,,,,,,,,,,,,,,,,,,,,,,,,,,,,,,,,,OSI,Osijek,Croatia�(Hrvatska),,,,,,,,
,,,,,,,,,,,,,,,,,,,,,,,,,,,,,,,,,,,,,,,,,,,,,,,,,,,,,,,,,,,,,,,,,,,,OSL,"Oslo�- Oslo Airport, Gardermoen",Norway,,,,,,,,
,,,,,,,,,,,,,,,,,,,,,,,,,,,,,,,,,,,,,,,,,,,,,,,,,,,,,,,,,,,,,,,,,,,,FBU,Oslo�- Fornebu,Norway,,,,,,,,
,,,,,,,,,,,,,,,,,,,,,,,,,,,,,,,,,,,,,,,,,,,,,,,,,,,,,,,,,,,,,,,,,,,,TRF,Oslo�- Sandefjord,Norway,,,,,,,,
,,,,,,,,,,,,,,,,,,,,,,,,,,,,,,,,,,,,,,,,,,,,,,,,,,,,,,,,,,,,,,,,,,,,OUL,Oulu,Finland,,,,,,,,
,,,,,,,,,,,,,,,,,,,,,,,,,,,,,,,,,,,,,,,,,,,,,,,,,,,,,,,,,,,,,,,,,,,,OUK,Out Skerries (Shetland),United Kingdom,,,,,,,,
,,,,,,,,,,,,,,,,,,,,,,,,,,,,,,,,,,,,,,,,,,,,,,,,,,,,,,,,,,,,,,,,,,,,OVD,Oviedo,Spain,,,,,,,,
,,,,,,,,,,,,,,,,,,,,,,,,,,,,,,,,,,,,,,,,,,,,,,,,,,,,,,,,,,,,,,,,,,,,PAD,Paderborn/Lippstadt,Germany,,,,,,,,
,,,,,,,,,,,,,,,,,,,,,,,,,,,,,,,,,,,,,,,,,,,,,,,,,,,,,,,,,,,,,,,,,,,,PMO,Palermo - Punta Raisi,Italy,,,,,,,,
,,,,,,,,,,,,,,,,,,,,,,,,,,,,,,,,,,,,,,,,,,,,,,,,,,,,,,,,,,,,,,,,,,,,PMI,Palma de Mallorca,Spain,,,,,,,,
,,,,,,,,,,,,,,,,,,,,,,,,,,,,,,,,,,,,,,,,,,,,,,,,,,,,,,,,,,,,,,,,,,,,PNL,Pantelleria,Italy,,,,,,,,
,,,,,,,,,,,,,,,,,,,,,,,,,,,,,,,,,,,,,,,,,,,,,,,,,,,,,,,,,,,,,,,,,,,,PFO,Paphos,Cyprus,,,,,,,,
,,,,,,,,,,,,,,,,,,,,,,,,,,,,,,,,,,,,,,,,,,,,,,,,,,,,,,,,,,,,,,,,,,,,PAR,Paris,France,,,,,,,,
,,,,,,,,,,,,,,,,,,,,,,,,,,,,,,,,,,,,,,,,,,,,,,,,,,,,,,,,,,,,,,,,,,,,CDG,Paris�- Charles de Gaulle,France,,,,,,,,
,,,,,,,,,,,,,,,,,,,,,,,,,,,,,,,,,,,,,,,,,,,,,,,,,,,,,,,,,,,,,,,,,,,,LBG,Paris�- Le Bourget,France,,,,,,,,
,,,,,,,,,,,,,,,,,,,,,,,,,,,,,,,,,,,,,,,,,,,,,,,,,,,,,,,,,,,,,,,,,,,,ORY,Paris�- Orly,France,,,,,,,,
,,,,,,,,,,,,,,,,,,,,,,,,,,,,,,,,,,,,,,,,,,,,,,,,,,,,,,,,,,,,,,,,,,,,PUF,Pau,France,,,,,,,,
,,,,,,,,,,,,,,,,,,,,,,,,,,,,,,,,,,,,,,,,,,,,,,,,,,,,,,,,,,,,,,,,,,,,PGF,Perpignan,France,,,,,,,,
,,,,,,,,,,,,,,,,,,,,,,,,,,,,,,,,,,,,,,,,,,,,,,,,,,,,,,,,,,,,,,,,,,,,PEG,Perugia,Italy,,,,,,,,
,,,,,,,,,,,,,,,,,,,,,,,,,,,,,,,,,,,,,,,,,,,,,,,,,,,,,,,,,,,,,,,,,,,,PSR,Pescara,Italy,,,,,,,,
,,,,,,,,,,,,,,,,,,,,,,,,,,,,,,,,,,,,,,,,,,,,,,,,,,,,,,,,,,,,,,,,,,,,PSA,Pisa - Galileo Galilei,Italy,,,,,,,,
,,,,,,,,,,,,,,,,,,,,,,,,,,,,,,,,,,,,,,,,,,,,,,,,,,,,,,,,,,,,,,,,,,,,TGD,Podgorica,Montenegro,,,,,,,,
,,,,,,,,,,,,,,,,,,,,,,,,,,,,,,,,,,,,,,,,,,,,,,,,,,,,,,,,,,,,,,,,,,,,PIS,Poitiers - Biard,France,,,,,,,,
,,,,,,,,,,,,,,,,,,,,,,,,,,,,,,,,,,,,,,,,,,,,,,,,,,,,,,,,,,,,,,,,,,,,PDL,Ponta Delgada,Portugal,,,,,,,,
,,,,,,,,,,,,,,,,,,,,,,,,,,,,,,,,,,,,,,,,,,,,,,,,,,,,,,,,,,,,,,,,,,,,POR,Pori,Finland,,,,,,,,
,,,,,,,,,,,,,,,,,,,,,,,,,,,,,,,,,,,,,,,,,,,,,,,,,,,,,,,,,,,,,,,,,,,,OPO,Porto,Portugal,,,,,,,,
,,,,,,,,,,,,,,,,,,,,,,,,,,,,,,,,,,,,,,,,,,,,,,,,,,,,,,,,,,,,,,,,,,,,PXO,Porto Santo,Portugal,,,,,,,,
,,,,,,,,,,,,,,,,,,,,,,,,,,,,,,,,,,,,,,,,,,,,,,,,,,,,,,,,,,,,,,,,,,,,POZ,"Poznan, Lawica",Poland,,,,,,,,
,,,,,,,,,,,,,,,,,,,,,,,,,,,,,,,,,,,,,,,,,,,,,,,,,,,,,,,,,,,,,,,,,,,,PRG,Prague�- V�clav Havel Airport (formerly Ruzyne),Czech Republic,,,,,,,,
,,,,,,,,,,,,,,,,,,,,,,,,,,,,,,,,,,,,,,,,,,,,,,,,,,,,,,,,,,,,,,,,,,,,PVK,Preveza/Lefkas,Greece,,,,,,,,
,,,,,,,,,,,,,,,,,,,,,,,,,,,,,,,,,,,,,,,,,,,,,,,,,,,,,,,,,,,,,,,,,,,,PRN,Pristina,Serbia,,,,,,,,
,,,,,,,,,,,,,,,,,,,,,,,,,,,,,,,,,,,,,,,,,,,,,,,,,,,,,,,,,,,,,,,,,,,,PUY,Pula,Croatia�(Hrvatska),,,,,,,,
,,,,,,,,,,,,,,,,,,,,,,,,,,,,,,,,,,,,,,,,,,,,,,,,,,,,,,,,,,,,,,,,,,,,UIP,Quimper,France,,,,,,,,
,,,,,,,,,,,,,,,,,,,,,,,,,,,,,,,,,,,,,,,,,,,,,,,,,,,,,,,,,,,,,,,,,,,,REG,Reggio Calabria,Italy,,,,,,,,
,,,,,,,,,,,,,,,,,,,,,,,,,,,,,,,,,,,,,,,,,,,,,,,,,,,,,,,,,,,,,,,,,,,,RNS,Rennes,France,,,,,,,,
,,,,,,,,,,,,,,,,,,,,,,,,,,,,,,,,,,,,,,,,,,,,,,,,,,,,,,,,,,,,,,,,,,,,REU,Reus,Spain,,,,,,,,
,,,,,,,,,,,,,,,,,,,,,,,,,,,,,,,,,,,,,,,,,,,,,,,,,,,,,,,,,,,,,,,,,,,,REK,Reykjavik�- Metropolitan Area,Iceland,,,,,,,,
,,,,,,,,,,,,,,,,,,,,,,,,,,,,,,,,,,,,,,,,,,,,,,,,,,,,,,,,,,,,,,,,,,,,KEF,Reykjavik�- Keflavik International,Iceland,,,,,,,,
,,,,,,,,,,,,,,,,,,,,,,,,,,,,,,,,,,,,,,,,,,,,,,,,,,,,,,,,,,,,,,,,,,,,RHO,Rhodos,Greece,,,,,,,,
,,,,,,,,,,,,,,,,,,,,,,,,,,,,,,,,,,,,,,,,,,,,,,,,,,,,,,,,,,,,,,,,,,,,RIX,Riga,Latvia,,,,,,,,
,,,,,,,,,,,,,,,,,,,,,,,,,,,,,,,,,,,,,,,,,,,,,,,,,,,,,,,,,,,,,,,,,,,,RJK,Rijeka,Croatia�(Hrvatska),,,,,,,,
,,,,,,,,,,,,,,,,,,,,,,,,,,,,,,,,,,,,,,,,,,,,,,,,,,,,,,,,,,,,,,,,,,,,RMI,Rimini,Italy,,,,,,,,
,,,,,,,,,,,,,,,,,,,,,,,,,,,,,,,,,,,,,,,,,,,,,,,,,,,,,,,,,,,,,,,,,,,,RNE,Roanne,France,,,,,,,,
,,,,,,,,,,,,,,,,,,,,,,,,,,,,,,,,,,,,,,,,,,,,,,,,,,,,,,,,,,,,,,,,,,,,RDZ,Rodez,France,,,,,,,,
,,,,,,,,,,,,,,,,,,,,,,,,,,,,,,,,,,,,,,,,,,,,,,,,,,,,,,,,,,,,,,,,,,,,RNN,Roenne,Denmark,,,,,,,,
,,,,,,,,,,,,,,,,,,,,,,,,,,,,,,,,,,,,,,,,,,,,,,,,,,,,,,,,,,,,,,,,,,,,ROM,Rome,Italy,,,,,,,,
,,,,,,,,,,,,,,,,,,,,,,,,,,,,,,,,,,,,,,,,,,,,,,,,,,,,,,,,,,,,,,,,,,,,CIA,Rome�- Ciampino,Italy,,,,,,,,
,,,,,,,,,,,,,,,,,,,,,,,,,,,,,,,,,,,,,,,,,,,,,,,,,,,,,,,,,,,,,,,,,,,,FCO,Rome�- Fuimicino,Italy,,,,,,,,
,,,,,,,,,,,,,,,,,,,,,,,,,,,,,,,,,,,,,,,,,,,,,,,,,,,,,,,,,,,,,,,,,,,,RNB,Ronneby,Sweden,,,,,,,,
,,,,,,,,,,,,,,,,,,,,,,,,,,,,,,,,,,,,,,,,,,,,,,,,,,,,,,,,,,,,,,,,,,,,RTM,Rotterdam,Netherlands,,,,,,,,
,,,,,,,,,,,,,,,,,,,,,,,,,,,,,,,,,,,,,,,,,,,,,,,,,,,,,,,,,,,,,,,,,,,,RVN,Rovaniemi,Finland,,,,,,,,
,,,,,,,,,,,,,,,,,,,,,,,,,,,,,,,,,,,,,,,,,,,,,,,,,,,,,,,,,,,,,,,,,,,,ROU,Ruse,Bulgaria,,,,,,,,
,,,,,,,,,,,,,,,,,,,,,,,,,,,,,,,,,,,,,,,,,,,,,,,,,,,,,,,,,,,,,,,,,,,,SCN,Saarbruecken,Germany,,,,,,,,
,,,,,,,,,,,,,,,,,,,,,,,,,,,,,,,,,,,,,,,,,,,,,,,,,,,,,,,,,,,,,,,,,,,,SBK,Saint Brieuc,France,,,,,,,,
,,,,,,,,,,,,,,,,,,,,,,,,,,,,,,,,,,,,,,,,,,,,,,,,,,,,,,,,,,,,,,,,,,,,SKG,Saloniki,Greece,,,,,,,,
,,,,,,,,,,,,,,,,,,,,,,,,,,,,,,,,,,,,,,,,,,,,,,,,,,,,,,,,,,,,,,,,,,,,SZG,Salzburg - W.A. Mozart,Austria,,,,,,,,
,,,,,,,,,,,,,,,,,,,,,,,,,,,,,,,,,,,,,,,,,,,,,,,,,,,,,,,,,,,,,,,,,,,,SMI,Samos,Greece,,,,,,,,
,,,,,,,,,,,,,,,,,,,,,,,,,,,,,,,,,,,,,,,,,,,,,,,,,,,,,,,,,,,,,,,,,,,,SZF,Samsun,Turkey,,,,,,,,
,,,,,,,,,,,,,,,,,,,,,,,,,,,,,,,,,,,,,,,,,,,,,,,,,,,,,,,,,,,,,,,,,,,,EAS,San Sebastian,Spain,,,,,,,,
,,,,,,,,,,,,,,,,,,,,,,,,,,,,,,,,,,,,,,,,,,,,,,,,,,,,,,,,,,,,,,,,,,,,SPC,Santa Cruz de la Palma,Spain,,,,,,,,
,,,,,,,,,,,,,,,,,,,,,,,,,,,,,,,,,,,,,,,,,,,,,,,,,,,,,,,,,,,,,,,,,,,,SMA,Santa Maria,Portugal,,,,,,,,
,,,,,,,,,,,,,,,,,,,,,,,,,,,,,,,,,,,,,,,,,,,,,,,,,,,,,,,,,,,,,,,,,,,,SDR,Santander,Spain,,,,,,,,
,,,,,,,,,,,,,,,,,,,,,,,,,,,,,,,,,,,,,,,,,,,,,,,,,,,,,,,,,,,,,,,,,,,,SCQ,Santiago de Compostela,Spain,,,,,,,,
,,,,,,,,,,,,,,,,,,,,,,,,,,,,,,,,,,,,,,,,,,,,,,,,,,,,,,,,,,,,,,,,,,,,SJJ,Sarajevo,Bosnia and Herzegovina,,,,,,,,
,,,,,,,,,,,,,,,,,,,,,,,,,,,,,,,,,,,,,,,,,,,,,,,,,,,,,,,,,,,,,,,,,,,,SVL,Savonlinna,Finland,,,,,,,,
,,,,,,,,,,,,,,,,,,,,,,,,,,,,,,,,,,,,,,,,,,,,,,,,,,,,,,,,,,,,,,,,,,,,SJY,Seinaejoki,Finland,,,,,,,,
,,,,,,,,,,,,,,,,,,,,,,,,,,,,,,,,,,,,,,,,,,,,,,,,,,,,,,,,,,,,,,,,,,,,SVQ,Sevilla,Spain,,,,,,,,
,,,,,,,,,,,,,,,,,,,,,,,,,,,,,,,,,,,,,,,,,,,,,,,,,,,,,,,,,,,,,,,,,,,,SNN,Shannon (Limerick),Ireland,,,,,,,,
,,,,,,,,,,,,,,,,,,,,,,,,,,,,,,,,,,,,,,,,,,,,,,,,,,,,,,,,,,,,,,,,,,,,SZD,"Sheffield, City Airport",United Kingdom,,,,,,,,
,,,,,,,,,,,,,,,,,,,,,,,,,,,,,,,,,,,,,,,,,,,,,,,,,,,,,,,,,,,,,,,,,,,,DSA,"Sheffield, Doncaster, Robin Hood International Airport",United Kingdom,,,,,,,,
,,,,,,,,,,,,,,,,,,,,,,,,,,,,,,,,,,,,,,,,,,,,,,,,,,,,,,,,,,,,,,,,,,,,SLS,Silistra,Bulgaria,,,,,,,,
,,,,,,,,,,,,,,,,,,,,,,,,,,,,,,,,,,,,,,,,,,,,,,,,,,,,,,,,,,,,,,,,,,,,SIP,Simferopol,Ukraine,,,,,,,,
,,,,,,,,,,,,,,,,,,,,,,,,,,,,,,,,,,,,,,,,,,,,,,,,,,,,,,,,,,,,,,,,,,,,VAS,Sivas,Turkey,,,,,,,,
,,,,,,,,,,,,,,,,,,,,,,,,,,,,,,,,,,,,,,,,,,,,,,,,,,,,,,,,,,,,,,,,,,,,JSI,Skiathos,Greece,,,,,,,,
,,,,,,,,,,,,,,,,,,,,,,,,,,,,,,,,,,,,,,,,,,,,,,,,,,,,,,,,,,,,,,,,,,,,SKP,Skopje,Macedonia,,,,,,,,
,,,,,,,,,,,,,,,,,,,,,,,,,,,,,,,,,,,,,,,,,,,,,,,,,,,,,,,,,,,,,,,,,,,,SKS,Skrydstrup,Denmark,,,,,,,,
,,,,,,,,,,,,,,,,,,,,,,,,,,,,,,,,,,,,,,,,,,,,,,,,,,,,,,,,,,,,,,,,,,,,SXL,Sligo,Ireland,,,,,,,,
,,,,,,,,,,,,,,,,,,,,,,,,,,,,,,,,,,,,,,,,,,,,,,,,,,,,,,,,,,,,,,,,,,,,SOT,Sodankylae,Finland,,,,,,,,
,,,,,,,,,,,,,,,,,,,,,,,,,,,,,,,,,,,,,,,,,,,,,,,,,,,,,,,,,,,,,,,,,,,,SGD,Soenderborg,Denmark,,,,,,,,
,,,,,,,,,,,,,,,,,,,,,,,,,,,,,,,,,,,,,,,,,,,,,,,,,,,,,,,,,,,,,,,,,,,,SOF,Sofia�- Vrazhdebna,Bulgaria,,,,,,,,
,,,,,,,,,,,,,,,,,,,,,,,,,,,,,,,,,,,,,,,,,,,,,,,,,,,,,,,,,,,,,,,,,,,,SOG,Sogndal,Norway,,,,,,,,
,,,,,,,,,,,,,,,,,,,,,,,,,,,,,,,,,,,,,,,,,,,,,,,,,,,,,,,,,,,,,,,,,,,,SOU,Southampton - Eastleigh,United Kingdom,,,,,,,,
,,,,,,,,,,,,,,,,,,,,,,,,,,,,,,,,,,,,,,,,,,,,,,,,,,,,,,,,,,,,,,,,,,,,SEN,Southend (London),United Kingdom,,,,,,,,
,,,,,,,,,,,,,,,,,,,,,,,,,,,,,,,,,,,,,,,,,,,,,,,,,,,,,,,,,,,,,,,,,,,,SPU,Split,Croatia�(Hrvatska),,,,,,,,
,,,,,,,,,,,,,,,,,,,,,,,,,,,,,,,,,,,,,,,,,,,,,,,,,,,,,,,,,,,,,,,,,,,,EBU,St. Etienne,France,,,,,,,,
,,,,,,,,,,,,,,,,,,,,,,,,,,,,,,,,,,,,,,,,,,,,,,,,,,,,,,,,,,,,,,,,,,,,STN,Stansted (London),United Kingdom,,,,,,,,
,,,,,,,,,,,,,,,,,,,,,,,,,,,,,,,,,,,,,,,,,,,,,,,,,,,,,,,,,,,,,,,,,,,,SVG,Stavanger,Norway,,,,,,,,
,,,,,,,,,,,,,,,,,,,,,,,,,,,,,,,,,,,,,,,,,,,,,,,,,,,,,,,,,,,,,,,,,,,,SZZ,Stettin,Poland,,,,,,,,
,,,,,,,,,,,,,,,,,,,,,,,,,,,,,,,,,,,,,,,,,,,,,,,,,,,,,,,,,,,,,,,,,,,,STO,Stockholm�Metropolitan Area,Sweden,,,,,,,,
,,,,,,,,,,,,,,,,,,,,,,,,,,,,,,,,,,,,,,,,,,,,,,,,,,,,,,,,,,,,,,,,,,,,ARN,Stockholm�- Arlanda,Sweden,,,,,,,,
,,,,,,,,,,,,,,,,,,,,,,,,,,,,,,,,,,,,,,,,,,,,,,,,,,,,,,,,,,,,,,,,,,,,BMA,Stockholm�- Bromma,Sweden,,,,,,,,
,,,,,,,,,,,,,,,,,,,,,,,,,,,,,,,,,,,,,,,,,,,,,,,,,,,,,,,,,,,,,,,,,,,,SYY,Stornway,United Kingdom,,,,,,,,
,,,,,,,,,,,,,,,,,,,,,,,,,,,,,,,,,,,,,,,,,,,,,,,,,,,,,,,,,,,,,,,,,,,,SXB,Strasbourg�- Strasbourg Airport,France,,,,,,,,
,,,,,,,,,,,,,,,,,,,,,,,,,,,,,,,,,,,,,,,,,,,,,,,,,,,,,,,,,,,,,,,,,,,,STR,Stuttgart�- Echterdingen,Germany,,,,,,,,
,,,,,,,,,,,,,,,,,,,,,,,,,,,,,,,,,,,,,,,,,,,,,,,,,,,,,,,,,,,,,,,,,,,,LSI,Sumburgh (Shetland),United Kingdom,,,,,,,,
,,,,,,,,,,,,,,,,,,,,,,,,,,,,,,,,,,,,,,,,,,,,,,,,,,,,,,,,,,,,,,,,,,,,SDL,Sundsvall,Sweden,,,,,,,,
,,,,,,,,,,,,,,,,,,,,,,,,,,,,,,,,,,,,,,,,,,,,,,,,,,,,,,,,,,,,,,,,,,,,QUF,Tallinn�- Pirita Harbour,Estonia,,,,,,,,
,,,,,,,,,,,,,,,,,,,,,,,,,,,,,,,,,,,,,,,,,,,,,,,,,,,,,,,,,,,,,,,,,,,,TLL,Tallinn�- Ulemiste,Estonia,,,,,,,,
,,,,,,,,,,,,,,,,,,,,,,,,,,,,,,,,,,,,,,,,,,,,,,,,,,,,,,,,,,,,,,,,,,,,TMP,Tampere,Finland,,,,,,,,
,,,,,,,,,,,,,,,,,,,,,,,,,,,,,,,,,,,,,,,,,,,,,,,,,,,,,,,,,,,,,,,,,,,,TGV,Targovishte,Bulgaria,,,,,,,,
,,,,,,,,,,,,,,,,,,,,,,,,,,,,,,,,,,,,,,,,,,,,,,,,,,,,,,,,,,,,,,,,,,,,MME,"Teesside, Durham Tees Valley",United Kingdom,,,,,,,,
,,,,,,,,,,,,,,,,,,,,,,,,,,,,,,,,,,,,,,,,,,,,,,,,,,,,,,,,,,,,,,,,,,,,TEQ,Tekirdag - Corlu,Turkey,,,,,,,,
,,,,,,,,,,,,,,,,,,,,,,,,,,,,,,,,,,,,,,,,,,,,,,,,,,,,,,,,,,,,,,,,,,,,TCI,Tenerife,Spain,,,,,,,,
,,,,,,,,,,,,,,,,,,,,,,,,,,,,,,,,,,,,,,,,,,,,,,,,,,,,,,,,,,,,,,,,,,,,TFS,Tenerife - Sur Reina Sofia,Spain,,,,,,,,
,,,,,,,,,,,,,,,,,,,,,,,,,,,,,,,,,,,,,,,,,,,,,,,,,,,,,,,,,,,,,,,,,,,,TFN,Tenerife - Norte Los Rodeos,Spain,,,,,,,,
,,,,,,,,,,,,,,,,,,,,,,,,,,,,,,,,,,,,,,,,,,,,,,,,,,,,,,,,,,,,,,,,,,,,TER,Terceira,Portugal,,,,,,,,
,,,,,,,,,,,,,,,,,,,,,,,,,,,,,,,,,,,,,,,,,,,,,,,,,,,,,,,,,,,,,,,,,,,,SKG,Thessaloniki - Makedonia Apt.,Greece,,,,,,,,
,,,,,,,,,,,,,,,,,,,,,,,,,,,,,,,,,,,,,,,,,,,,,,,,,,,,,,,,,,,,,,,,,,,,JTR,Thira,Greece,,,,,,,,
,,,,,,,,,,,,,,,,,,,,,,,,,,,,,,,,,,,,,,,,,,,,,,,,,,,,,,,,,,,,,,,,,,,,TED,Thisted,Denmark,,,,,,,,
,,,,,,,,,,,,,,,,,,,,,,,,,,,,,,,,,,,,,,,,,,,,,,,,,,,,,,,,,,,,,,,,,,,,TIA,Tirana�- Rinas,Albania,,,,,,,,
,,,,,,,,,,,,,,,,,,,,,,,,,,,,,,,,,,,,,,,,,,,,,,,,,,,,,,,,,,,,,,,,,,,,TIV,Tivat,Montenegro,,,,,,,,
,,,,,,,,,,,,,,,,,,,,,,,,,,,,,,,,,,,,,,,,,,,,,,,,,,,,,,,,,,,,,,,,,,,,TLS,Toulouse�- Blagnac Airport,France,,,,,,,,
,,,,,,,,,,,,,,,,,,,,,,,,,,,,,,,,,,,,,,,,,,,,,,,,,,,,,,,,,,,,,,,,,,,,TZX,Trabzon,Turkey,,,,,,,,
,,,,,,,,,,,,,,,,,,,,,,,,,,,,,,,,,,,,,,,,,,,,,,,,,,,,,,,,,,,,,,,,,,,,TPS,Trapani,Italy,,,,,,,,
,,,,,,,,,,,,,,,,,,,,,,,,,,,,,,,,,,,,,,,,,,,,,,,,,,,,,,,,,,,,,,,,,,,,TSF,Treviso,Italy,,,,,,,,
,,,,,,,,,,,,,,,,,,,,,,,,,,,,,,,,,,,,,,,,,,,,,,,,,,,,,,,,,,,,,,,,,,,,TRS,Trieste,Italy,,,,,,,,
,,,,,,,,,,,,,,,,,,,,,,,,,,,,,,,,,,,,,,,,,,,,,,,,,,,,,,,,,,,,,,,,,,,,TOS,Tromsoe,Norway,,,,,,,,
,,,,,,,,,,,,,,,,,,,,,,,,,,,,,,,,,,,,,,,,,,,,,,,,,,,,,,,,,,,,,,,,,,,,TRD,Trondheim,Norway,,,,,,,,
,,,,,,,,,,,,,,,,,,,,,,,,,,,,,,,,,,,,,,,,,,,,,,,,,,,,,,,,,,,,,,,,,,,,TRN,Turin,Italy,,,,,,,,
,,,,,,,,,,,,,,,,,,,,,,,,,,,,,,,,,,,,,,,,,,,,,,,,,,,,,,,,,,,,,,,,,,,,TKU,Turku,Finland,,,,,,,,
,,,,,,,,,,,,,,,,,,,,,,,,,,,,,,,,,,,,,,,,,,,,,,,,,,,,,,,,,,,,,,,,,,,,UDE,Uden - Volkel Airport,Netherlands,,,,,,,,
,,,,,,,,,,,,,,,,,,,,,,,,,,,,,,,,,,,,,,,,,,,,,,,,,,,,,,,,,,,,,,,,,,,,UHE,Uherske Hradiste,Czech Republic,,,,,,,,
,,,,,,,,,,,,,,,,,,,,,,,,,,,,,,,,,,,,,,,,,,,,,,,,,,,,,,,,,,,,,,,,,,,,UME,Umea,Sweden,,,,,,,,
,,,,,,,,,,,,,,,,,,,,,,,,,,,,,,,,,,,,,,,,,,,,,,,,,,,,,,,,,,,,,,,,,,,,UNT,Unst (Shetland Island) - Baltasound Airport,United Kingdom,,,,,,,,
,,,,,,,,,,,,,,,,,,,,,,,,,,,,,,,,,,,,,,,,,,,,,,,,,,,,,,,,,,,,,,,,,,,,UDJ,Uzhgorod,Ukraine,,,,,,,,
,,,,,,,,,,,,,,,,,,,,,,,,,,,,,,,,,,,,,,,,,,,,,,,,,,,,,,,,,,,,,,,,,,,,VAA,Vaasa,Finland,,,,,,,,
,,,,,,,,,,,,,,,,,,,,,,,,,,,,,,,,,,,,,,,,,,,,,,,,,,,,,,,,,,,,,,,,,,,,VXO,Vaexjoe,Sweden,,,,,,,,
,,,,,,,,,,,,,,,,,,,,,,,,,,,,,,,,,,,,,,,,,,,,,,,,,,,,,,,,,,,,,,,,,,,,VLC,Valencia,Spain,,,,,,,,
,,,,,,,,,,,,,,,,,,,,,,,,,,,,,,,,,,,,,,,,,,,,,,,,,,,,,,,,,,,,,,,,,,,,VLL,Valladolid,Spain,,,,,,,,
,,,,,,,,,,,,,,,,,,,,,,,,,,,,,,,,,,,,,,,,,,,,,,,,,,,,,,,,,,,,,,,,,,,,VDE,Valverde,Spain,,,,,,,,
,,,,,,,,,,,,,,,,,,,,,,,,,,,,,,,,,,,,,,,,,,,,,,,,,,,,,,,,,,,,,,,,,,,,VAN,Van - Ferit Melen,Turkey,,,,,,,,
,,,,,,,,,,,,,,,,,,,,,,,,,,,,,,,,,,,,,,,,,,,,,,,,,,,,,,,,,,,,,,,,,,,,VRK,Varkaus,Finland,,,,,,,,
,,,,,,,,,,,,,,,,,,,,,,,,,,,,,,,,,,,,,,,,,,,,,,,,,,,,,,,,,,,,,,,,,,,,VAR,Varna,Bulgaria,,,,,,,,
,,,,,,,,,,,,,,,,,,,,,,,,,,,,,,,,,,,,,,,,,,,,,,,,,,,,,,,,,,,,,,,,,,,,VST,Vasteras,Sweden,,,,,,,,
,,,,,,,,,,,,,,,,,,,,,,,,,,,,,,,,,,,,,,,,,,,,,,,,,,,,,,,,,,,,,,,,,,,,VCE,Venice�- Marco Polo,Italy,,,,,,,,
,,,,,,,,,,,,,,,,,,,,,,,,,,,,,,,,,,,,,,,,,,,,,,,,,,,,,,,,,,,,,,,,,,,,VBS,Verona (Brescia) Montichiari,Italy,,,,,,,,
,,,,,,,,,,,,,,,,,,,,,,,,,,,,,,,,,,,,,,,,,,,,,,,,,,,,,,,,,,,,,,,,,,,,VRN,Verona,Italy,,,,,,,,
,,,,,,,,,,,,,,,,,,,,,,,,,,,,,,,,,,,,,,,,,,,,,,,,,,,,,,,,,,,,,,,,,,,,VID,Vidin,Bulgaria,,,,,,,,
,,,,,,,,,,,,,,,,,,,,,,,,,,,,,,,,,,,,,,,,,,,,,,,,,,,,,,,,,,,,,,,,,,,,VGO,Vigo,Spain,,,,,,,,
,,,,,,,,,,,,,,,,,,,,,,,,,,,,,,,,,,,,,,,,,,,,,,,,,,,,,,,,,,,,,,,,,,,,VNO,Vilnius,Lithuania,,,,,,,,
,,,,,,,,,,,,,,,,,,,,,,,,,,,,,,,,,,,,,,,,,,,,,,,,,,,,,,,,,,,,,,,,,,,,VBY,Visby,Sweden,,,,,,,,
,,,,,,,,,,,,,,,,,,,,,,,,,,,,,,,,,,,,,,,,,,,,,,,,,,,,,,,,,,,,,,,,,,,,VIT,Vitoria,Spain,,,,,,,,
,,,,,,,,,,,,,,,,,,,,,,,,,,,,,,,,,,,,,,,,,,,,,,,,,,,,,,,,,,,,,,,,,,,,WAW,Warsaw�- Fr�d�ric Chopin,Poland,,,,,,,,
,,,,,,,,,,,,,,,,,,,,,,,,,,,,,,,,,,,,,,,,,,,,,,,,,,,,,,,,,,,,,,,,,,,,GWT,"Westerland, Sylt Airport",Germany,,,,,,,,
,,,,,,,,,,,,,,,,,,,,,,,,,,,,,,,,,,,,,,,,,,,,,,,,,,,,,,,,,,,,,,,,,,,,WIC,Wick,United Kingdom,,,,,,,,
,,,,,,,,,,,,,,,,,,,,,,,,,,,,,,,,,,,,,,,,,,,,,,,,,,,,,,,,,,,,,,,,,,,,VIE,Wien�(Vienna) - Vienna International,Austria,,,,,,,,
,,,,,,,,,,,,,,,,,,,,,,,,,,,,,,,,,,,,,,,,,,,,,,,,,,,,,,,,,,,,,,,,,,,,WIE,"Wiesbaden, Air Base",Germany,,,,,,,,
,,,,,,,,,,,,,,,,,,,,,,,,,,,,,,,,,,,,,,,,,,,,,,,,,,,,,,,,,,,,,,,,,,,,VNO,Wilna�(Vilnius),Lithuania,,,,,,,,
,,,,,,,,,,,,,,,,,,,,,,,,,,,,,,,,,,,,,,,,,,,,,,,,,,,,,,,,,,,,,,,,,,,,ZAD,Zadar,Croatia�(Hrvatska),,,,,,,,
,,,,,,,,,,,,,,,,,,,,,,,,,,,,,,,,,,,,,,,,,,,,,,,,,,,,,,,,,,,,,,,,,,,,ZAG,Zagreb�- Zagreb Airport Pleso,Croatia�(Hrvatska),,,,,,,,
,,,,,,,,,,,,,,,,,,,,,,,,,,,,,,,,,,,,,,,,,,,,,,,,,,,,,,,,,,,,,,,,,,,,ZTH,Zakynthos,Greece,,,,,,,,
,,,,,,,,,,,,,,,,,,,,,,,,,,,,,,,,,,,,,,,,,,,,,,,,,,,,,,,,,,,,,,,,,,,,ZAZ,Zaragoza,Spain,,,,,,,,
,,,,,,,,,,,,,,,,,,,,,,,,,,,,,,,,,,,,,,,,,,,,,,,,,,,,,,,,,,,,,,,,,,,,ZRH,Zurich�(Z�rich) - Kloten,Switzerland,,,,,,,,