Version,2.2.3,,,,,,,,,,,,,,,,,,,,,,,,,,,,,,,,,,,,,,,,,,,,,,,,,,,,,,,,,,,,,,,,,,,,,,,,,,,,,,,,,,,,,
Target,Mutation,,,,Target,Allele,,,,Target,Variant,,,,Genetic Unit Set,,,,saMaterial,"(sample material, 'sample type')",,,Sample Collection,,,,Fraction analyzed,,,,methodID,(PCR//Sequencing),,,,pcrSet,"(for partID = pcrmeth, label = PCR method)",,,scriptSet,"(for partID = scriptVersion, label = Script version)",,,seqStratSet,"(for partID = seqStrat, label = Sequencing strategy)",,,seqSelSet,"(for partID = seqSel, label = Sequencing selection)",,,seqLaySet,"(for partID = seqLay, label = Sequencing layout)",,,Aggregation,,,,target type,,,,sample shed,,,,Airport,,,methodID,(PCR//Sequencing),,,Target,,,,,Infrastructure type,,,,pathogen,,
partID,label,partDesc,unitSetID,,partID,label,partDesc,unitSetID,,partID,label,partDesc,unitSetID,,partID,label,partDesc,,partID,label,partDesc,,partID,label,partDesc,,partID,label,partDesc,,partID,label,partDesc,catSet,,partID,label,partDesc,,partID,label,partDesc,,partID,label,partDesc,,partID,label,partDesc,,partID,label,partDesc,,partID,label,partDesc,,partID,label,partDesc,,partID,label,partDesc,,IATA code,Airport,Country,partID,label,partDesc,,partID,label,partDesc,unitSetID,,partID,label,partDesc,,partID,label,partDesc
a1306s,a1306s delta-variant gene target,a1306s delta-variant gene target,geneticUnitSet,,adv40,Adenovirus 40,Adenovirus serotype 40.,geneticUnitSet,,beta,Beta,B.1.351,geneticUnitSet,,boc,Breadth of coverage (>=5x depth),Positions with read depth greater or equal to 5. ,,afu,Air filter,Air filter as part of filtration or circulating unit. ,,areaPr,Area proportional sample,An area proportional sample.,,liq,Liquid fraction,Liquid fraction of a sample.,,primer,Genetic primer,Method ID used for indicating the primer used for a PCR or sequencing assay.,primerSet,,bioRadDdpcr,Digital droplet emulsification PCR,Describes a PCR analysis done using BioRad's digital droplet emulsification PCR technology.,,gromstole,Gromstole 1.0 Script,Gromstole 1.0 Script for sequencing.,,amp,Amplicon sequencing,Specifies the amplicon strategy for genetic sequencing,,ranSeq,Random sequencing selection method,Specifies the random selection method for sequencing,,sinLay,Single Layout,Specifies the single layout for a sequencing method,,floMean,Flow-normalized mean,Mean measure normalized to wastewater flow.,,allele,Alleles class,Measures and methods related to alleles.,,airpln,Airplane,Airplane sample shed category type,,AAR,Aarhus,Denmark,,*** PCR method ***,,,,*** Mutation ***,,,,htSite,Holding tank,Holding tank,,deltaGrp,SARS-CoV-2 Delta Variant Group,A group of measures/methods related to the SARS-CoV-2 Delta Variant.
a1918v,a1918v delta-variant gene target,a1918v delta-variant gene target,geneticUnitSet,,adv41,Adenovirus 41,Adenovirus serotype 41.,geneticUnitSet,,covB117,SARS-CoV-2-B.1.1.7,Variant B.1.1.7 of the SARS-CoV-2 virus.,geneticUnitSet,,doc,Depth of coverage,The sequencing read depth.,,desk,Desk or counter,"Desk, table, countertop or other flat working surface.",,cosca,COSCa ball,COSCa passive sampling device.,,mix,Mixed/homogenized sample,Mixed or homogenized sample or fraction analyzed.,,scriptVersion,Genetic sequencing script version,"Used to specify the script or script version used to extract summary information (i.e. coverage and mutation frequency statistics, etc.) from the sequencing output.",scriptSet,,fluiDpcr,Fluidigm digital PCR,Describes a PCR analysis done using FluidIGM's digital PCR technology.,,freyja,Freyja Script,Freyja Script for sequencing.,,wgs,Whole genome sequencing,Specifies the whole genome sequencing (WGS) strategy for genetic sequencing,,pcrSeq,PCR sequencingsSelection method,"Specifies the PCR selection method for sequencing, ie. that a pre-determined primer was used.",,pairLay,Paired Layout,Specifies the paired layout for a sequencing method,,gmn,Geometric mean,Geometric mean.,,mutation,Mutations class,Measures and methods related to mutations.,,terminal,Airport terminal,Airport terminal sample shed category type,,ABZ,Aberdeen,United Kingdom,bioRadDdpcr,Digital droplet emulsification PCR,Describes a PCR analysis done using BioRad's digital droplet emulsification PCR technology.,,a1306s,a1306s delta-variant gene target,a1306s delta-variant gene target,geneticUnitSet,,lagoon,Lagoon system,Logoon system for extensive wastewater treatment,,flavivirusGrp,"Flavivirus (West Nile, Dengue, Zika) Group",A group of measures/methods related to flaviviruses.
a2710t,a2710t omicron-variant gene target,a2710t omicron-variant gene target,geneticUnitSet,,advF41Fibre,Adenovirus F41 Fibre Gene Target,Human Adenovirus Group F41 Fiber gene target,geneticUnitSet,,covB135,SARS-CoV-2-B.1.351,Variant B.1.351 of the SARS-CoV-2 virus.,geneticUnitSet,,det,Detected,Substance detected or not detected.,,faeces,Fecal matter,Fecal matter.,,flowPr,Flow proportional sample,A flow proportional composite sample generally collected by an autosampler.,,sol,Solid fraction,Solid fraction of a sample.,,seqLay,Sequencing Layout,The layout of genetic material used in sequencing.,seqLaySet,,ltDpcr,Life technologies digital PCR,Describes a PCR analysis done using Life Technologies' digital PCR technology.,,,,,,,,,,,,,,mateLay,Mate pair layout,Specifies the mate pair layout for a sequencing method.,,menr,Normalized arithmetic mean,"Arithmetic mean, normalized.",,variant,Variants class,Measures and methods relating to variants.,,airport,Airport,Airport sample shed category type,,ADA,Adana,Turkey,fluiDpcr,Fluidigm digital PCR,Describes a PCR analysis done using FluidIGM's digital PCR technology.,,a1918v,a1918v delta-variant gene target,a1918v delta-variant gene target,geneticUnitSet,,mSwrPpl,Major sewer pipeline,Major sewer pipeline,,fluAGrp,Influenza A Virus Group,A group of measures/methods related to Influenza A viruses.
a63t,a63t omicron-variant gene target,a63t omicron-variant gene target,geneticUnitSet,,mpxB6R,Mpox B6R Gene Target,Human MPox Virus (hMPXV) gene target. Envelope protien gene CDC Assay; selective for MPXV.,geneticUnitSet,,covP1,SARS-CoV-2-P.1,Variant P.1 of the SARS-CoV-2 virus.,geneticUnitSet,,gcL,Gene copies per L,Gene or variant copies per litre.,,floor,Floor,Floor of a building or room.,,grb,Grab sample,A single large representative grab sample.,,NA,,,,seqSel,Sequencing selection method,The primer sequence selection method used in sequencing.,seqSelSet,,qgDpcr,qiagen digital PCR,Describes a PCR analysis done using Qiagen's digital PCR technology.,,,,,,,,,,,,,,,,,,ngmn,Normalized geometric mean,"Geometric mean, normalized.",,mutationPanel,Mutation panels class,Measures and methods related to a panel or list of more than one mutation from the same sequence read.,,wwtp,Wastewater treatment plant,A general site type for wastewater treatment plants.,,ADF,Adiyaman,Turkey,ltDpcr,Life technologies digital PCR,Describes a PCR analysis done using Life Technologies' digital PCR technology.,,a2710t,a2710t omicron-variant gene target,a2710t omicron-variant gene target,geneticUnitSet,,pStat,Pumping station,Pumping station,,mpoxGrp,MPox Group,"A group of measures/methods related to Mpox (formerly ""Monkey Pox"")."
a67v,a67v omicron-variant gene target,a67v omicron-variant gene target,geneticUnitSet,,bcov,bcov,Measure of the amount of bovine coronavirus.,geneticUnitSet,,delta,Delta,B.1.617.2,geneticUnitSet,,percRec,Percent recovery,Percent of the surrogate recovery for a recovery efficiency control assay.,,htSam,Holding tank wastewater,"Wastewater sampled from a holding tank, such as from an airplane or ship",,moorSw,Moore swab passive sample,Moore swab passive sample.,,,,,,seqStrat,Sequencing Strategy,The sequencing strategy used for an analysis.,seqStratSet,,qpcr,Quantitative Real-Time PCR,"Real-time PCR, also called 'quantAggScale' PCR",,,,,,,,,,,,,,,,,,pmFloMean,PMMoV- and flow-normalized mean,Mean measure normalized to amount of PMMoV and wastewater flow.,,,,,,tHub,Transport hub - General,A tansport hub not otherwise specified. i.e. a place where passengers and cargo are exchanged between vehicles or/and between transport modes.,,AJA,Ajaccio,France,qgDpcr,qiagen digital PCR,Describes a PCR analysis done using Qiagen's digital PCR technology.,,a63t,a63t omicron-variant gene target,a63t omicron-variant gene target,geneticUnitSet,,retPond,Retention pond,Retention pond,,mpoxCldIGrp,MPox Clade I Group,"A group of measures/methods related to Mpox Clade I (formerly ""Monkey Pox"")."
a67vDel69Del70,Omicron Variant a67v del69 and del70 mutations,"Omicron Variant a67v mutation, and del 69 and del70 mutations co-occuring",geneticUnitSet,,blaCMY,Cephamycin Beta-Lactamase-Resistance gene target,Cephamycin Beta-Lactamase anti-microbial resistance gene target.,geneticUnitSet,,flirtV,FLiRT Variants,FLiRT is the name given to an entire family of COVID-19 subvariants that are gaining dominance. They've evolved from the JN.1 subvariant.,geneticUnitSet,,prop,Proportion of total,Proportion as a precent of total.,,nww,Water,"Non-wastewater, coming from any kind of water body",,surfSw,Surface swab,Surface swab.,,,,,,,,,,,rainDpcr,Raindance digital PCR,Describes a PCR analysis done using Raindance's digital PCR technology.,,,,,,,,,,,,,,,,,,pmmovNorm,PMMoV-normalized mean,Mean measure normalized to amount of PMMoV.,,,,,,transp,Transportation vehicle - general,"A vehicle, i.e. a mobile machine, transporting people or cargo, of a type not otherwise specified.",,AKT,Akrotiri - RAF,Cyprus,qpcr,Quantitative Real-Time PCR,"Real-time PCR, also called 'quantAggScale' PCR",,a67v,a67v omicron-variant gene target,a67v omicron-variant gene target,geneticUnitSet,,septTnk,Septic tank,Septic tank,,mpoxCldIIGrp,MPox Clade II Group,"A group of measures/methods related to Mpox Clade II (formerly ""Monkey Pox"")."
covN200,SARS-CoV-2-N200,"SARS-CoV-2 nucleocapsid gene, amino acids 199-202.",geneticUnitSet,,blaCTXM1,CTX-M Beta-Lactamase-Resistance gene target,CTX-M Beta-Lactamase anti-microbial resistance gene target.,geneticUnitSet,,gam,Gamma,P.1,geneticUnitSet,,propV,Proportion of variant in sample,Proportion of a variant as percent of total variants.,,pEfflu,Primary clarifier effluent,Effluent obtained after primary clarifiers,,timePr,Time proportional sample,A time proportional composite sample generally collected by an autosampler.,,,,,,,,,,,sinProbeOne,"Singleplex, probe-based, one-step RT-qPCR","Describes a PCR method that is singleplex, probe-based, and one-step RT-qPCR.",,,,,,,,,,,,,,,,,,sin,Single,"A value that is not an aggregate measurement (ie. not a mean, median, max or any other) and can be a replicate value.",,,,,,train,Train,A series of railroad cars moved as a unit by a locomotive or by integral motors.,,LBI,Albi,France,rainDpcr,Raindance digital PCR,Describes a PCR analysis done using Raindance's digital PCR technology.,,d377y,d377y delta-variant gene target,d377y delta-variant gene target.,geneticUnitSet,,swgTrck,Sewage truck,Sewage truck,,omicronGrp,SARS-CoV-2 Omicron Variant Group,A group of measures/methods related to the SARS-CoV-2 Omicron Variant.
d339h,D339H Mutation,The FLiRT/SLip variant mutation D339H.,geneticUnitSet,,blaIMP,Impenemase (IMP) Beta-Lactamase-Resistance gene target,Impenemase (IMP) Beta-Lactamase anti-microbial resistance gene target.,geneticUnitSet,,jn17V,JN.1.7 Variant,"The JN.1.7 variant of SARS-CoV-2, one of the FLiRT variants.",geneticUnitSet,,gcCrA,Gene copies per copy of crAssphage,Gene or variant copies per copy of crAssphage.,,pSludge,Primary clarifier sludge,Sludge produced by primary clarifiers,,volPr,Volume proportional sample,A volume proportional sample generally collected by an autosampler.,,,,,,,,,,,dpcr,Digital PCR (dPCR),Describes a PCR analysis done using digital PCR technology (general).,,,,,,,,,,,,,,,,,,,,,,,,,,trStat,Train Station,A place on a railroad line where trains regularly stop so that passengers can get on or off.,,AAL,Alborg,Denmark,sinProbeOne,"Singleplex, probe-based, one-step RT-qPCR","Describes a PCR method that is singleplex, probe-based, and one-step RT-qPCR.",,d3g,d3g omicron-variant gene target,d3g omicron-variant gene target.,geneticUnitSet,,wwtpInd,Industrial wastewater treatment plant,Industrial wastewater treatment plant,,sarsCov2,SARS-CoV-2,A group of measures/methods related to the SARS-CoV-2 virus.
d377y,d377y delta-variant gene target,d377y delta-variant gene target.,geneticUnitSet,,blaKPC,Klebsiella pneumoniae Carbapenam (KPC) Beta-Lactamase-Resistance gene target,Klebsiella pneumoniae Carbapenam (KPC) Beta-Lactamase anti-microbial resistance gene target.,geneticUnitSet,,jn1V,JN.1 Variant,"The JN.1 variant is a subvariant of Omicron variant BA.2.86, and contains several mutations that are associated with escape from vaccine-mediated immune protection. The source of the FLiRT variants of SARS-CoV-2.",geneticUnitSet,,gcD100,"gene copies per day per 100,000","The unit for measures reflecting the gene copies per day per 100,000 people in the population.",,pstGrit,Post-grit,Raw wastewater after a treatment plant's headworks (post grit or removal of large solids at a treatment plant but priort to a primary clarifier),,comp,Composite sample - archival,"A composite sample, usually generated by an autosampler.",,,,,,,,,,,ddpcr,Digital Droplet PCR (ddPCR),Describes a PCR analysis done using digital droplet PCR technology (general).,,,,,,,,,,,,,,,,,,,,,,,,,,bus,Bus,"A large motor vehicle carrying passengers by road, typically one serving the public on a fixed route and for a fare.",,AES,Alesund,Norway,dpcr,Digital PCR (dPCR),Describes a PCR analysis done using digital PCR technology (general).,,d63g,d63g delta-variant gene target,d63g delta-variant gene target.,geneticUnitSet,,wwtpMuC,Municipal wastewater treatment plant for combined sewage,Municipal wastewater treatment plant for combined sewage,,,,
d3g,d3g omicron-variant gene target,d3g omicron-variant gene target.,geneticUnitSet,,blaNDM,New-Delhi Metallo- (NDM) Beta-Lactamase-Resistance gene target,New-Delhi Metallo- (NDM) Beta-Lactamase anti-microbial resistance gene target.,geneticUnitSet,,kp11V,KP.1.1 Variant,"The KP.1.1 variant of SARS-CoV-2, one of the FLiRT variants.",geneticUnitSet,,gCGS,Gene copies per gram solids,Gene or variant copies per gram solids.,,rawWW,Raw sewage at site,Wastewater without any form of treatment,,manComp,Manual Composite Sample,Specifies a composite sample where the sub-samples were collected manually.,,,,,,,,,,,,,,,,,,,,,,,,,,,,,,,,,,,,,,,busStat,Bus Station,A terminal where buses arrive and depart.,,AHO,Alghero Sassari,Italy,ddpcr,Digital Droplet PCR (ddPCR),Describes a PCR analysis done using digital droplet PCR technology (general).,,d796y,d796y omicron-variant gene target,d796y omicron-variant gene target.,geneticUnitSet,,wwtpMuS,Municipal wastewater treatment plant for sanitary sewage only,Municipal wastewater treatment plant for sanitary sewage only,,,,
d63g,d63g delta-variant gene target,d63g delta-variant gene target.,geneticUnitSet,,blaOXA48,OXA-type Beta-Lactamase-Resistance gene target,OXA-type Beta-Lactamase anti-microbial resistance gene target.,geneticUnitSet,,kp1V,KP.1 Variant,"The KP.1 variant of SARS-CoV-2, one of the FLiRT variants.",geneticUnitSet,,gcMl,Gene copies per mL,Gene or variant copies per millilitre of solution.,,rawWWdown,Raw sewage downstream from a site,Downstream from a site. See partType = rawWWup.,,passiveGen,Passive Sample - General,Used to specify a passive sampling method not otherwise specified was used to collect the sample.,,,,,,,,,,,,,,,,,,,,,,,,,,,,,,,,,,,,,,,port,Port or Harbour,A harbor is any sheltered body of water where boats or ships may moor or anchor. A port is an installation that has been built around a harbor with facilities for loading and unloading such vessels.,,ALC,Alicante,Spain,,*** Sequencing Strategy ***,,,d950n,d950n delta-variant gene target,d950n delta-variant gene target.,geneticUnitSet,,wwtp,Wastewater treatment plant,A general site type for wastewater treatment plants.,,,,
d796y,d796y omicron-variant gene target,d796y omicron-variant gene target.,geneticUnitSet,,blaSHV,SHV Beta-Lactamase-Resistance gene target,SHV-type Beta-Lactamase anti-microbial resistance gene target.,geneticUnitSet,,kp2V,KP.2 Variant,"The KP.2 variant of SARS-CoV-2, one of the FLiRT variants.",geneticUnitSet,,gcPpmov,Gene copies per PMMoV copy,Gene or variant copies per copy of PMMoV.,,rawWWup,Raw sewage upstream from a site,"Upstream from a site. Used when there is not direct access to a site's wastewater inconjuctiion with downstream sample. For example, if the site is a long-term care home, but ther is not access to the building or property cleanout. Use two sameple, one sample upstream and one sample downstream.",,core,Core sampling ,Intrument type is a grab sampler that captures a vertical section of the substrate matrix of fecal sludge.,,,,,,,,,,,,,,,,,,,,,,,,,,,,,,,,,,,,,,,landTH,Land-based Transit Hub,A transport hub is a place where passengers and cargo are exchanged between land-based vehicles and/or between land-based transport modes.,,LEI,Almeria,Spain,amp,Amplicon Sequencing,Specifies the amplicon strategy for genetic sequencing,,ddcovE,ddcov_e sars-cov-2 gene target,ddcov_e sars-cov-2 gene target.,geneticUnitSet,,drain,Sewer (drain),"A pipe that carries water or sewage away from a place, or an opening in a surface that leads to said pipe.",,,,
d950n,d950n delta-variant gene target,d950n delta-variant gene target.,geneticUnitSet,,blaTEM,TEM Beta-Lactamase-Resistance gene target,TEM-type Beta-Lactamase anti-microbial resistance gene target.,geneticUnitSet,,lamba,Lambda,C.37,geneticUnitSet,,gc,Gene copies,Gene or variant copies,,sEfflu,Secondary clarifier effluent,Effluent obtained after secondary clarifiers,,vac,Vacuum sludge sampling,Intrument type is a grab sampler that takes a sample at a designated depth with minimal disturbance to surrounding layers.,,,,,,,,,,,,,,,,,,,,,,,,,,,,,,,,,,,,,,,waterTH,Water-based Transit Hub,A transport hub is a place where passengers and cargo are exchanged between water-based vehicles and/or between water-based transport modes.,,ALF,Alta,Norway,wgs,Whole Genome Sequencing,Specifies the whole genome sequencing (WGS) strategy for genetic sequencing,,ddcovN,ddcov_n sars-cov-2 gene target,ddcov_n sars-cov-2 gene target.,geneticUnitSet,,latrine,Latrine,"A toilet or outhouse, especially a communal one in a camp or barracks.",,,,
ddcovE,ddcov_e sars-cov-2 gene target,ddcov_e sars-cov-2 gene target.,geneticUnitSet,,blaVIM,Verone Integron-Encoded Metallo- (VIM) Beta-Lactamase-Resistance-resistance gene target,Verone Integron-Encoded Metallo- (VIM) Beta-Lactamase anti-microbial resistance gene target.,geneticUnitSet,,mu,Mu,B.1.621,geneticUnitSet,,ct,Cycle threshold or quantification cycle (Ct or Cq),Cycle thresholds in a PCR assay.,,septage,Septic tank wastewater,Wastewater from within a septic tank,,cone,Cone-shaped sampling,"Intrument type is a grab sample that has a controlled valve that opens to take a sample from a specific depth, then closes to bring the sample out.",,,,,,,,,,,,,,,,,,,,,,,,,,,,,,,,,,,,,,,,,,,ACH,Altenrhein,Switzerland,,,,,del143,del143/145,143 or 145 deletion omicron-variant gene target.,geneticUnitSet,,compToi,Composting toilet,"A self-contained toilet system wherein human waste is designed to be composted. Usually with the addition of secondary materials, like sawdust.",,,,
ddcovN,ddcov_n sars-cov-2 gene target,ddcov_n sars-cov-2 gene target.,geneticUnitSet,,brsv,Bovine respiratory syncytial virus group,Bovine respiratory syncytial virus.,geneticUnitSet,,omicr1,Omicron BA.1,Omicron B.1.1.529,geneticUnitSet,,slope,slope,Slope value of the calibration curve.,,sSludge,Secondary clarifier sludge,Sludge produced by secondary clarifiers,,horGrb,Horizontal grab sampling,"Intrument type is a grab sampler in which the container for the sample is mounted on the end of a rod, which is suitable for collecting discharge from a pipe or truck.",,,,,,,,,,,,,,,,,,,,,,,,,,,,,,,,,,,,,,,,,,,AMS,Amsterdam�- Amsterdam Airport Schiphol,Netherlands,,,,,del157,del 157/158,157 or 158 deletion delta-variant gene target,geneticUnitSet,,triturator,Wastewater Triturator,The location where wastewater transportation vehicles unload wastewater.,,,,
del142144,Omicron Variant 142-144 Deletion,Omicron Variant 142-144 Deletion,geneticUnitSet,,brsvN,BRSV-N,bovine respiratory syncytial virus capsid protein gene region,geneticUnitSet,,omicr2,Omicron BA.2,Omicron BA.2,geneticUnitSet,,inter,Intercept,Intercept value of the calibration curve.,,surface,Other surface,Surface other than floor or desk.,,vertGrb,Vertical grab sampling,"Intrument type is a grab sampler in which the container for the sample is mounted on the end of a rod, which is suitable for collecting waste from a tank.",,,,,,,,,,,,,,,,,,,,,,,,,,,,,,,,,,,,,,,,,,,AOI,Ancona - Ancona Falconara Airport,Italy,,,,,del2084,del2084/2084,,geneticUnitSet,,,,,,,,
del143,del143/145 ,143 or 145 deletion omicron-variant gene target.,geneticUnitSet,,mpxC3L,Clade I Mpox C3L Gene Target,Human MPox Virus (hMPXV) Clade I gene target. hMPXV C3L primers and probe detect Clade I viruses.,geneticUnitSet,,omicr275,Omicron BA.2.75,Omicron BA.2.75,geneticUnitSet,,efficient,Efficiency,The efficiency reported for a standard curve.,,swrSed,Sewer sediment,Sediments obtained in sewer,,trap,Passive (trap) sampling,A composite sampler that passively collects a sample without use of electricity or a battery.,,,,,,,,,,,,,,,,,,,,,,,,,,,,,,,,,,,,,,,,,,,ALV,Andorra La Vella�- Heliport,Andorra,,,,,del212,del212/212,212 or 212 deletion omicron-variant gene target.,geneticUnitSet,,,,,,,,
del156157,Delta Variant 156-157 Deletion,Delta Variant 156-157 Deletion,geneticUnitSet,,cov2Me,SARS-CoV-2 measure,Measure the amount of SARS-CoV-2 virus.,geneticUnitSet,,omicr4,Omicron BA.4,Omicron BA.4,geneticUnitSet,,r2,R squared,R-squared value of the calibration curve.,,sludgeNS,Wastewater Sludge - non-specified,"Sample material is wastewater sludge - whether primary, secondary or other is unspecified.",,autoComp,,,,,,,,,,,,,,,,,,,,,,,,,,,,,,,,,,,,,,,,,,,,,ANK,Ankara,Turkey,,,,,del3674,del3674/3676,3674 or 3676 deletion omicron-variant gene target.,geneticUnitSet,,,,,,,,
del157,del 157/158,157 or 158 deletion delta-variant gene target,geneticUnitSet,,covE,SARS-CoV-2-E,SARS-CoV-2 E gene.,geneticUnitSet,,omicr5,Omicron BA.5,Omicron BA.5,geneticUnitSet,,,,,,effluNS,Wastewater Effluent - non-specified,"Sample material is wastewater effluent - whether primary, secondary or other is unspecified.",,autoSeq,,,,,,,,,,,,,,,,,,,,,,,,,,,,,,,,,,,,,,,,,,,,,ESB,Ankara�- Esenbo?a International Airport,Turkey,,,,,del6970,del69/70,69 or 70 deletion omicron-variant gene target.,geneticUnitSet,,,,,,,,
del2084,del2084/2084 ,2084 or 2084 deletion omicron-variant gene target.,geneticUnitSet,,covN1,SARS-CoV-2-N1,"SARS-CoV-2 nucleocapsid gene, allele 1.",geneticUnitSet,,otherV,Variants Other,Used for reporting variants detected for which a specific measureID doesn't already exist. The ODM team will periodically migrate collected responses in this category into set measureIDs.,geneticUnitSet,,,,,,,,,,,,,,,,,,,,,,,,,,,,,,,,,,,,,,,,,,,,,,,,,,,,,,,NCY,Annecy,France,,,,,e156g,e156g delta-variant gene target,e156g delta-variant gene target,geneticUnitSet,,,,,,,,
del212,del212/212 ,212 or 212 deletion omicron-variant gene target.,geneticUnitSet,,covN2,SARS-CoV-2-N2,"SARS-CoV-2 nucleocapsid gene, allele 2.",geneticUnitSet,,subVar,Sub-variant or lineage,"A unit used to report a specific genetic lineage, or to specify that a reported variant is a sub-variant of another.",geneticUnitSet,,,,,,,,,,,,,,,,,,,,,,,,,,,,,,,,,,,,,,,,,,,,,,,,,,,,,,,AYT,Antalya,Turkey,,,,,e484a,e484a omicron-variant gene target,e484a omicron-variant gene target,geneticUnitSet,,,,,,,,
del3133,Omicron Variant 142-14431-33 Deletion,Omicron Variant 142-14431-33 Deletion,geneticUnitSet,,covN3,SARS-CoV-2-N3,"SARS-CoV-2 nucleocapsid gene, allele 3.",geneticUnitSet,,,,,,,,,,,,,,,,,,,,,,,,,,,,,,,,,,,,,,,,,,,,,,,,,,,,,,,,,,,,ANR,Antwerp,Belgium,,,,,eSarbec,Sarbecovirus-specific E sars-cov-2 gene target,Sarbecovirus-specific E sars-cov-2 gene target,geneticUnitSet,,,,,,,,
del3674,del3674/3676 ,3674 or 3676 deletion omicron-variant gene target.,geneticUnitSet,,covRdrp,SARS-CoV-2-RdRp,SARS-CoV-2 RdRp gene.,geneticUnitSet,,,,,,,,,,,,,,,,,,,,,,,,,,,,,,,,,,,,,,,,,,,,,,,,,,,,,,,,,,,,GPA,Araxos,Greece,,,,,g215c,g215c delta-variant gene target,g215c delta-variant gene target,geneticUnitSet,,,,,,,,
del6970,del69/70,69 or 70 deletion omicron-variant gene target.,geneticUnitSet,,cra,crAssphage-N,crAssphage virus capsid protein gene region,geneticUnitSet,,,,,,,,,,,,,,,,,,,,,,,,,,,,,,,,,,,,,,,,,,,,,,,,,,,,,,,,,,,,ACE,Arrecife/Lanzarote,Spain,,,,,g339d,g339d omicron-variant gene target,g339d omicron-variant gene target,geneticUnitSet,,,,,,,,
e156g,e156g delta-variant gene target,e156g delta-variant gene target,geneticUnitSet,,mpxe9lNVAR,Mpox & Orthopox E9L-NVAR Gene Target,Human MPox Virus (hMPXV) gene target for Orthopoxvirus DNA polymerase. CDC Assay detects all hMPXV​ clades and non-variola Orthopox viruses.,geneticUnitSet,,,,,,,,,,,,,,,,,,,,,,,,,,,,,,,,,,,,,,,,,,,,,,,,,,,,,,,,,,,,ATH,Athens�- Elefth�rios Veniz�los International Airport,Greece,,,,,g496s,g496s omicron-variant gene target,g496s omicron-variant gene target,geneticUnitSet,,,,,,,,
e484a,e484a omicron-variant gene target,e484a omicron-variant gene target,geneticUnitSet,,mpxe9lOPX3,Mpox & Orthopox E9L-OPX3 Gene Target,Human MPox Virus (hMPXV) gene target using the generic orthopox virus OPX3. Lower sensitivity for MPox.,geneticUnitSet,,,,,,,,,,,,,,,,,,,,,,,,,,,,,,,,,,,,,,,,,,,,,,,,,,,,,,,,,,,,HEW,"Athens, Hellinikon Airport",Greece,,,,,g662s,g662s delta-variant gene target,g662s delta-variant gene target,geneticUnitSet,,,,,,,,
eSarbec,Sarbecovirus-specific E sars-cov-2 gene target,Sarbecovirus-specific E sars-cov-2 gene target,geneticUnitSet,,fColiphage,Male-specific (F+) coliphage - general,Male-specific (F+) coliphage - general,geneticUnitSet,,,,,,,,,,,,,,,,,,,,,,,,,,,,,,,,,,,,,,,,,,,,,,,,,,,,,,,,,,,,AGB,Augsburg - Augsbur gAirport,Germany,,,,,i1566v,i1566v omicron-variant gene target,i1566v omicron-variant gene target,geneticUnitSet,,,,,,,,
f456l,F456L Mutation,The FLiRT/SLip variant mutation F456L.,geneticUnitSet,,fDNA,F+ DNA coliphage,F+ DNA coliphage,geneticUnitSet,,,,,,,,,,,,,,,,,,,,,,,,,,,,,,,,,,,,,,,,,,,,,,,,,,,,,,,,,,,,AUR,Aurillac,France,,,,,i3758v,i3758v omicron-variant gene target,i3758v omicron-variant gene target,geneticUnitSet,,,,,,,,
g215c,g215c delta-variant gene target,g215c delta-variant gene target,geneticUnitSet,,fluA,Influenza A virus,Influenza A virus.,geneticUnitSet,,,,,,,,,,,,,,,,,,,,,,,,,,,,,,,,,,,,,,,,,,,,,,,,,,,,,,,,,,,,BJZ,Badajoz,Spain,,,,,i82t,i82t delta-variant gene target,i82t delta-variant gene target,geneticUnitSet,,,,,,,,
g339d,g339d omicron-variant gene target,g339d omicron-variant gene target,geneticUnitSet,,fRNABact,F-Specific RNA bacteriophages,A measure for amount of F-Specific RNA bacteriophages.,geneticUnitSet,,,,,,,,,,,,,,,,,,,,,,,,,,,,,,,,,,,,,,,,,,,,,,,,,,,,,,,,,,,,BCN,Barcelona,Spain,,,,,ip2ip4,Combined ip2 and ip4 sars-cov-2 gene target,Combined ip2 and ip4 sars-cov-2 gene target,geneticUnitSet,,,,,,,,
g496s,g496s omicron-variant gene target,g496s omicron-variant gene target,geneticUnitSet,,fRNAColi,F+ RNA coliphage,F+ RNA coliphage,geneticUnitSet,,,,,,,,,,,,,,,,,,,,,,,,,,,,,,,,,,,,,,,,,,,,,,,,,,,,,,,,,,,,BDU,Bardufoss,Norway,,,,,k856r,k856r omicron-variant gene target,k856r omicron-variant gene target,geneticUnitSet,,,,,,,,
g662s,g662s delta-variant gene target,g662s delta-variant gene target,geneticUnitSet,,frnaG2,"F-Specific RNA bacteriophages, G2",A measure for amount of G2 F-Specific RNA bacteriophages.,geneticUnitSet,,,,,,,,,,,,,,,,,,,,,,,,,,,,,,,,,,,,,,,,,,,,,,,,,,,,,,,,,,,,BRI,Bari,Italy,,,,,l452r,l452r delta-variant gene target,l452r delta-variant gene target,geneticUnitSet,,,,,,,,
i1566v,i1566v omicron-variant gene target,i1566v omicron-variant gene target,geneticUnitSet,,mpxG2RG,Mpox G2R-G Gene Target,Human MPox Virus (hMPXV) gene target using the G2R_G primers and probe which  detects all MPox Virus strains ​.,geneticUnitSet,,,,,,,,,,,,,,,,,,,,,,,,,,,,,,,,,,,,,,,,,,,,,,,,,,,,,,,,,,,,BRR,Barra (the famous tidal beach landing),United Kingdom,,,,,l981f,l981f omicron-variant gene target,l981f omicron-variant gene target,geneticUnitSet,,,,,,,,
i3758v,i3758v omicron-variant gene target,i3758v omicron-variant gene target,geneticUnitSet,,mpxG2RWA,Clade II Mpox G2R-WA Gene Target,"Human MPox Virus (hMPXV) Clade II gene target, measured with G2R_WA primers and probe to detects Clade II viruses. ",geneticUnitSet,,,,,,,,,,,,,,,,,,,,,,,,,,,,,,,,,,,,,,,,,,,,,,,,,,,,,,,,,,,,BSL,Basel,Switzerland,,,,,q19e,q19e omicron-variant gene target,q19e omicron-variant gene target,geneticUnitSet,,,,,,,,
i82t,i82t delta-variant gene target,i82t delta-variant gene target,geneticUnitSet,,mpxGTmol,Mpox GT Molecular Gene Target,Human MPox Virus (hMPXV) gene target - this specific measure and gene target are proprietary to GT Molecular,geneticUnitSet,,,,,,,,,,,,,,,,,,,,,,,,,,,,,,,,,,,,,,,,,,,,,,,,,,,,,,,,,,,,EAP,Basel/Mulhouse,Switzerland/France,,,,,q493r,q493r omicron-variant gene target,q493r omicron-variant gene target,geneticUnitSet,,,,,,,,
ins214epe,Omicron Variant ins214epe Insertion,Omicron Variant ins214epe Insertion,geneticUnitSet,,fluH5hema,Influenza A H5 hemagglutinin gene ,"Measure of the H5 hemagglutinin gene from the Highly Pathogenic Avian Influenza Virus (HPAIV), the H5N1 Influenza A Virus (IAV) subtype.",geneticUnitSet,,,,,,,,,,,,,,,,,,,,,,,,,,,,,,,,,,,,,,,,,,,,,,,,,,,,,,,,,,,,BIA,Bastia,France,,,,,q498r,q498r omicron-variant gene target,q498r omicron-variant gene target,geneticUnitSet,,,,,,,,
ip2ip4,Combined ip2 and ip4 sars-cov-2 gene target,Combined ip2 and ip4 sars-cov-2 gene target,geneticUnitSet,,hepGRna,hep g armored rna,Measure of the amount Hepatitis G Armored RNA.,geneticUnitSet,,,,,,,,,,,,,,,,,,,,,,,,,,,,,,,,,,,,,,,,,,,,,,,,,,,,,,,,,,,,BYU,Bayreuth - Bindlacher-Berg,Germany,,,,,q954h,q954h omicron-variant gene target,q954h omicron-variant gene target,geneticUnitSet,,,,,,,,
k856r,k856r omicron-variant gene target,k856r omicron-variant gene target,geneticUnitSet,,hf183,HF183 Bacteriodes 16S,Human-Specific HF183 Bacteriodes 16S rRNA ,geneticUnitSet,,,,,,,,,,,,,,,,,,,,,,,,,,,,,,,,,,,,,,,,,,,,,,,,,,,,,,,,,,,,BHD,Belfast�- George Best Belfast City Airport,United Kingdom,,,,,r203m,r203m delta-variant gene target,r203m delta-variant gene target,geneticUnitSet,,,,,,,,
l24s,Omicron Variant l24s mutation,Omicron Variant l24s mutation,geneticUnitSet,,fluIAVm,Influenza A M gene,"A measure of the M gene found in Influenza A viruses (IAV). The virus has segmented RNA genome and 7th segment, M gene, encodes 2 proteins. M1 is a matrix protein and M2 is a membrane protein. The M gene may be involved in determining host tropism.",geneticUnitSet,,,,,,,,,,,,,,,,,,,,,,,,,,,,,,,,,,,,,,,,,,,,,,,,,,,,,,,,,,,,BFS,Belfast�- Belfast International Airport,United Kingdom,,,,,rdrpIP2,IP2 rdrp sars-cov-2 gene target,IP2 rdrp sars-cov-2 gene target,geneticUnitSet,,,,,,,,
l452r,l452r delta-variant gene target,l452r delta-variant gene target,geneticUnitSet,,integraseCl1,Integrase Class I gene target,Integrase anti-microbial resistance gene target.,geneticUnitSet,,,,,,,,,,,,,,,,,,,,,,,,,,,,,,,,,,,,,,,,,,,,,,,,,,,,,,,,,,,,BEG,Belgrad�(Beograd) - Belgrade Nikola Tesla International,Serbia,,,,,rdrpIP4,IP4 rdrp sars-cov-2 gene target,IP4 rdrp sars-cov-2 gene target,geneticUnitSet,,,,,,,,
l455s,L455S Mutation,The FLiRT/SLip variant mutation L455S.,geneticUnitSet,,mcr11,MCR-1.1 Colistin-resistence gene target,The MCR-1.1 colistin anti-microbial resistance gene target.,geneticUnitSet,,,,,,,,,,,,,,,,,,,,,,,,,,,,,,,,,,,,,,,,,,,,,,,,,,,,,,,,,,,,BEB,Benbecula,United Kingdom,,,,,s2083i,s2083i omicron-variant gene target,s2083i omicron-variant gene target,geneticUnitSet,,,,,,,,
l981f,l981f omicron-variant gene target,l981f omicron-variant gene target,geneticUnitSet,,mhv,Murine Hepatitis Virus,A measure for amount of murine hepatitis viurs.,geneticUnitSet,,,,,,,,,,,,,,,,,,,,,,,,,,,,,,,,,,,,,,,,,,,,,,,,,,,,,,,,,,,,BGY,Bergamo/Milan�- Orio Al Serio,Italy,,,,,s371l,s371l omicron-variant gene target,s371l omicron-variant gene target,geneticUnitSet,,,,,,,,
lppa24s,Omicron Variant LPPA24S mutation,Omicron Variant LPPA24S mutation,geneticUnitSet,,mpox,Mpox,"The virus known as Mpox, previously also known as Monkey Pox.",geneticUnitSet,,,,,,,,,,,,,,,,,,,,,,,,,,,,,,,,,,,,,,,,,,,,,,,,,,,,,,,,,,,,BGO,Bergen,Norway,,,,,s373p,s373p omicron-variant gene target,s373p omicron-variant gene target,geneticUnitSet,,,,,,,,
n1n2,Combined N1 and N2 sars-cov-2 gene target,Combined N1 and N2 sars-cov-2 gene target,geneticUnitSet,,ms2Col,ms2 coliphage,Measure of the amount of ms2 coliphage.,geneticUnitSet,,,,,,,,,,,,,,,,,,,,,,,,,,,,,,,,,,,,,,,,,,,,,,,,,,,,,,,,,,,,EGC,Bergerac - Roumanieres,France,,,,,s375f,s375f omicron-variant gene target,s375f omicron-variant gene target,geneticUnitSet,,,,,,,,
n211i,Omicron Variant n211i mutation,Omicron Variant n211i mutation & gene target.,geneticUnitSet,,muCo,murine coronavirus,Measure of the amount of murine coronavirus.,geneticUnitSet,,,,,,,,,,,,,,,,,,,,,,,,,,,,,,,,,,,,,,,,,,,,,,,,,,,,,,,,,,,,BER,Berlin,Germany,,,,,s477n,s477n omicron-variant gene target,s477n omicron-variant gene target,geneticUnitSet,,,,,,,,
n679k,Omicron Variant n679k mutation,Omicron Variant n679k mutation & gene target.,geneticUnitSet,,n,N sars-cov-2 gene target,N sars-cov-2 gene target,geneticUnitSet,,,,,,,,,,,,,,,,,,,,,,,,,,,,,,,,,,,,,,,,,,,,,,,,,,,,,,,,,,,,SXF,"Berlin, Schoenefeld",Germany,,,,,t19r,t19r delta-variant gene target,t19r delta-variant gene target,geneticUnitSet,,,,,,,,
n856k,Omicron Variant n856k mutation,Omicron Variant n856k mutation & gene target.,geneticUnitSet,,fluN1neur,Influenza A N1 neuraminidase gene,"Measure of the N1 neuraminidase gene from the Highly Pathogenic Avian Influenza Virus (HPAIV), the H5N1 Influenza A Virus (IAV) subtype.",geneticUnitSet,,,,,,,,,,,,,,,,,,,,,,,,,,,,,,,,,,,,,,,,,,,,,,,,,,,,,,,,,,,,TXL,"Berlin, Tegel",Germany,,,,,t3646a,t3646a delta-variant gene target,t3646a delta-variant gene target,geneticUnitSet,,,,,,,,
n969k,Omicron Variant n969k mutation,Omicron Variant n969k mutation & gene target.,geneticUnitSet,,noro,Norovirus,Norovirus.,geneticUnitSet,,,,,,,,,,,,,,,,,,,,,,,,,,,,,,,,,,,,,,,,,,,,,,,,,,,,,,,,,,,,THF,"Berlin, Tempelhof (ceased operating in 2008)",Germany,,,,,t547k,t547k omicron-variant gene target,t547k omicron-variant gene target,geneticUnitSet,,,,,,,,
niid19,niid_2019-ncov_n sars-cov-2 gene target,niid_2019-ncov_n sars-cov-2 gene target,geneticUnitSet,,noroG1,Norovirus G1,Norovirus genogroup 1,geneticUnitSet,,,,,,,,,,,,,,,,,,,,,,,,,,,,,,,,,,,,,,,,,,,,,,,,,,,,,,,,,,,,BRN,"Berne, Bern-Belp",Switzerland,,,,,t9i,t9i omicron-variant gene target,t9i omicron-variant gene target,geneticUnitSet,,,,,,,,
p100l,Delta Variant p100l mutation,Delta Variant p100l mutation & gene target.,geneticUnitSet,,noroG2,Norovirus G2,Norovirus genogroup 2,geneticUnitSet,,,,,,,,,,,,,,,,,,,,,,,,,,,,,,,,,,,,,,,,,,,,,,,,,,,,,,,,,,,,ZDJ,"Berne, Railway Service",Switzerland,,,,,taqpatN,TaqPath N sars-cov-2 gene target,TaqPath N sars-cov-2 gene target,geneticUnitSet,,,,,,,,
p13L,Omicron Variant p13l mutation,Omicron Variant p13l mutation,geneticUnitSet,,nSarbec,Sarbecovirus-specific N sars-cov-2 gene target,Sarbecovirus-specific N sars-cov-2 gene target,geneticUnitSet,,,,,,,,,,,,,,,,,,,,,,,,,,,,,,,,,,,,,,,,,,,,,,,,,,,,,,,,,,,,BIQ,Biarritz,France,,,,,taqpatS,TaqPath S sars-cov-2 gene target,TaqPath N sars-cov-2 gene target,geneticUnitSet,,,,,,,,
p2046l,Delta Variant p2046l mutation,Delta Variant p2046l mutation & gene target.,geneticUnitSet,,oc43,coronavirus OC43,Measure of the amount of coronavirus OC43.,geneticUnitSet,,,,,,,,,,,,,,,,,,,,,,,,,,,,,,,,,,,,,,,,,,,,,,,,,,,,,,,,,,,,BIO,Bilbao,Spain,,,,,v2930l,v2930l delta-variant gene target,v2930l delta-variant gene target,geneticUnitSet,,,,,,,,
p2287s,Delta Variant  p2287s mutation,Delta Variant  p2287s mutation & gene target.,geneticUnitSet,,orf1a,ORF1a sars-cov-2 gene target,ORF1a sars-cov-2 gene target,geneticUnitSet,,,,,,,,,,,,,,,,,,,,,,,,,,,,,,,,,,,,,,,,,,,,,,,,,,,,,,,,,,,,BLL,Billund,Denmark,,,,,y505h,y505h omicron-variant gene target,y505h omicron-variant gene target,geneticUnitSet,,,,,,,,
p3395h,Omicron Variant p3395h mutation,Omicron Variant p3395h mutation & gene target.,geneticUnitSet,,orf1ab,ORF1ab sars-cov-2 gene target,ORF1ab sars-cov-2 gene target,geneticUnitSet,,,,,,,,,,,,,,,,,,,,,,,,,,,,,,,,,,,,,,,,,,,,,,,,,,,,,,,,,,,,BHX,Birmingham�- Birmingham International Airport,United Kingdom,,,,,otherM,other mutation,use for mutations not yet added to dictionary,geneticUnitSet,,,,,,,,
p681r,Delta Variant p681r,Delta Variant p681r mutation & gene target.,geneticUnitSet,,orf1b,ORF1b sars-cov-2 gene target,ORF1b sars-cov-2 gene target,geneticUnitSet,,,,,,,,,,,,,,,,,,,,,,,,,,,,,,,,,,,,,,,,,,,,,,,,,,,,,,,,,,,,BLK,Blackpool,United Kingdom,,,,,,*** Allele ***,,,,,,,,,,
q19e,q19e omicron-variant gene target,q19e omicron-variant gene target,geneticUnitSet,,phi6,Pseudomonas virus phi6,Measure of the amount of pseudomonas virus phi6.,geneticUnitSet,,,,,,,,,,,,,,,,,,,,,,,,,,,,,,,,,,,,,,,,,,,,,,,,,,,,,,,,,,,,BOO,Bodo,Norway,,,,,covE,SARS-CoV-2-E,SARS-CoV-2 E gene.,geneticUnitSet,,,,,,,,
q493r,q493r omicron-variant gene target,q493r omicron-variant gene target,geneticUnitSet,,ppmv,PMMoV-CP,Pepper mild mottle virus capsid protein gene region,geneticUnitSet,,,,,,,,,,,,,,,,,,,,,,,,,,,,,,,,,,,,,,,,,,,,,,,,,,,,,,,,,,,,BJV,Bodrum - Milas Airport,Turkey,,,,,covN1,SARS-CoV-2-N1,"SARS-CoV-2 nucleocapsid gene, allele 1.",geneticUnitSet,,,,,,,,
q498r,q498r omicron-variant gene target,q498r omicron-variant gene target,geneticUnitSet,,puro,Puro virus,Measure of the amount of puro virus.,geneticUnitSet,,,,,,,,,,,,,,,,,,,,,,,,,,,,,,,,,,,,,,,,,,,,,,,,,,,,,,,,,,,,BLQ,Bologna,Italy,,,,,covN2,SARS-CoV-2-N2,"SARS-CoV-2 nucleocapsid gene, allele 2.",geneticUnitSet,,,,,,,,
q954h,q954h omicron-variant gene target,q954h omicron-variant gene target,geneticUnitSet,,rsvN,RSV N-gene,"Human Respiratory syncytial Virus, N-gene region.",geneticUnitSet,,,,,,,,,,,,,,,,,,,,,,,,,,,,,,,,,,,,,,,,,,,,,,,,,,,,,,,,,,,,BOD,Bordeaux�- Bordeaux Airport,France,,,,,covN3,SARS-CoV-2-N3,"SARS-CoV-2 nucleocapsid gene, allele 3.",geneticUnitSet,,,,,,,,
r203m,r203m delta-variant gene target,r203m delta-variant gene target,geneticUnitSet,,covS,SARS-CoV-2 S Gene Target,S sars-cov-2 gene target,geneticUnitSet,,,,,,,,,,,,,,,,,,,,,,,,,,,,,,,,,,,,,,,,,,,,,,,,,,,,,,,,,,,,BOJ,Bourgas/Burgas,Bulgaria,,,,,covRdrp,SARS-CoV-2-RdRp,SARS-CoV-2 RdRp gene.,geneticUnitSet,,,,,,,,
r346t,R346T Mutation,The FLiRT/SLip variant mutation R346T.,geneticUnitSet,,tetW,TetW Tetracycline-resistance gene target,The tetW tetracycline anti-microbial resistance gene target.,geneticUnitSet,,,,,,,,,,,,,,,,,,,,,,,,,,,,,,,,,,,,,,,,,,,,,,,,,,,,,,,,,,,,BOH,Bournemouth,United Kingdom,,,,,covS,SARS-CoV-2 S Gene Target,SARS-CoV-2 S Gene Target,geneticUnitSet,,,,,,,,
rdrpIP2,IP2 rdrp sars-cov-2 gene target,IP2 rdrp sars-cov-2 gene target,geneticUnitSet,,vanAA,VanA-A Vancomycin-resistance gene target,The VanA-A vancomycin anti-microbial resistance gene target.,geneticUnitSet,,,,,,,,,,,,,,,,,,,,,,,,,,,,,,,,,,,,,,,,,,,,,,,,,,,,,,,,,,,,BTS,Bratislava�- M. R. �tef�nik Airport,Slovakia,,,,,dnvNS5,Dengue Virus NS5 Gene,Dengue Type 1-specific gene target.,geneticUnitSet,,,,,,,,
rdrpIP4,IP4 rdrp sars-cov-2 gene target,IP4 rdrp sars-cov-2 gene target,geneticUnitSet,,,,,,,,,,,,,,,,,,,,,,,,,,,,,,,,,,,,,,,,,,,,,,,,,,,,,,,,,,,,,,,,,BRE,Bremen�- Bremen Airport (Flughafen Bremen),Germany,,,,,dnvE,Dengue Virus E Gene,Dengue Type 2-specific gene taget.,geneticUnitSet,,,,,,,,
s2083i,s2083i omicron-variant gene target,s2083i omicron-variant gene target,geneticUnitSet,,,,,,,,,,,,,,,,,,,,,,,,,,,,,,,,,,,,,,,,,,,,,,,,,,,,,,,,,,,,,,,,,VBS,"Brescia, Montichiari",Italy,,,,,dnvprM,Dengue Virus prM Gene,Dengue Type 3 and 4-specific gene target.,geneticUnitSet,,,,,,,,
s371l,s371l omicron-variant gene target,s371l omicron-variant gene target,geneticUnitSet,,,,,,,,,,,,,,,,,,,,,,,,,,,,,,,,,,,,,,,,,,,,,,,,,,,,,,,,,,,,,,,,,BES,Brest,France,,,,,mpxB6R,Mpox B6R Gene Target,Human MPox Virus (hMPXV) gene target. Envelope protien gene CDC Assay; selective for MPXV.,geneticUnitSet,,,,,,,,
s373p,s373p omicron-variant gene target,s373p omicron-variant gene target,geneticUnitSet,,,,,,,,,,,,,,,,,,,,,,,,,,,,,,,,,,,,,,,,,,,,,,,,,,,,,,,,,,,,,,,,,BDS,Brindisi,Italy,,,,,mpxC3L,Clade I Mpox C3L Gene Target,Human MPox Virus (hMPXV) Clade I gene target. hMPXV C3L primers and probe detect Clade I viruses.,geneticUnitSet,,,,,,,,
s375f,s375f omicron-variant gene target,s375f omicron-variant gene target,geneticUnitSet,,,,,,,,,,,,,,,,,,,,,,,,,,,,,,,,,,,,,,,,,,,,,,,,,,,,,,,,,,,,,,,,,BRS,Bristol,United Kingdom,,,,,mpxe9lNVAR,Mpox & Orthopox E9L-NVAR Gene Target,Human MPox Virus (hMPXV) gene target for Orthopoxvirus DNA polymerase. CDC Assay detects all hMPXV​ clades and non-variola Orthopox viruses.,geneticUnitSet,,,,,,,,
s477n,s477n omicron-variant gene target,s477n omicron-variant gene target,geneticUnitSet,,,,,,,,,,,,,,,,,,,,,,,,,,,,,,,,,,,,,,,,,,,,,,,,,,,,,,,,,,,,,,,,,BNN,Broennoeysund,Norway,,,,,mpxe9lOPX3,Mpox & Orthopox E9L-OPX3 Gene Target,Human MPox Virus (hMPXV) gene target using the generic orthopox virus OPX3. Lower sensitivity for MPox.,geneticUnitSet,,,,,,,,
t19r,t19r delta-variant gene target,t19r delta-variant gene target,geneticUnitSet,,,,,,,,,,,,,,,,,,,,,,,,,,,,,,,,,,,,,,,,,,,,,,,,,,,,,,,,,,,,,,,,,BRU,Brussels�- Brussels Airport,Belgium,,,,,mpxG2RG,Mpox G2R-G Gene Target,Human MPox Virus (hMPXV) gene target using the G2R_G primers and probe which  detects all MPox Virus strains ​.,geneticUnitSet,,,,,,,,
t3646a,t3646a delta-variant gene target,t3646a delta-variant gene target,geneticUnitSet,,,,,,,,,,,,,,,,,,,,,,,,,,,,,,,,,,,,,,,,,,,,,,,,,,,,,,,,,,,,,,,,,BUH,Bucharest,Romania,,,,,mpxG2RWA,Clade II Mpox G2R-WA Gene Target,"Human MPox Virus (hMPXV) Clade II gene target, measured with G2R_WA primers and probe to detects Clade II viruses. ",geneticUnitSet,,,,,,,,
t547k,t547k omicron-variant gene target,t547k omicron-variant gene target,geneticUnitSet,,,,,,,,,,,,,,,,,,,,,,,,,,,,,,,,,,,,,,,,,,,,,,,,,,,,,,,,,,,,,,,,,OTP,Bucharest�- Henri Coand? International Airport,Romania,,,,,mpxGTmol,Mpox GT Molecular Gene Target,Human MPox Virus (hMPXV) gene target - this specific measure and gene target are proprietary to GT Molecular,geneticUnitSet,,,,,,,,
t9i,t9i omicron-variant gene target,t9i omicron-variant gene target,geneticUnitSet,,,,,,,,,,,,,,,,,,,,,,,,,,,,,,,,,,,,,,,,,,,,,,,,,,,,,,,,,,,,,,,,,BUD,Budapest�- Budapest Ferihegy International Airport,Hungary,,,,,mpxF3L,Mpox Clade I F3L Gene Target,"Human MPox Virus (hMPXV) Clade I gene target, F3L",geneticUnitSet,,,,,,,,
taqpatN,TaqPath N sars-cov-2 gene target,TaqPath N sars-cov-2 gene target,geneticUnitSet,,,,,,,,,,,,,,,,,,,,,,,,,,,,,,,,,,,,,,,,,,,,,,,,,,,,,,,,,,,,,,,,,CAG,Cagliari,Italy,,,,,mpxG2RNML,Mpox G2R-NML Gene Target,Human MPox Virus (hMPXV) gene target using the G2R_NML primers and probe which  detects all MPox Virus strains ​.,geneticUnitSet,,,,,,,,
taqpatS,TaqPath S sars-cov-2 gene target,TaqPath N sars-cov-2 gene target,geneticUnitSet,,,,,,,,,,,,,,,,,,,,,,,,,,,,,,,,,,,,,,,,,,,,,,,,,,,,,,,,,,,,,,,,,CLY,Calvi,France,,,,,fluH5hema,Influenza A H5 hemagglutinin gene ,"Measure of the H5 hemagglutinin gene from the Highly Pathogenic Avian Influenza Virus (HPAIV), the H5N1 Influenza A Virus (IAV) subtype.",geneticUnitSet,,,,,,,,
v1104l,V1104L Mutation,The FLiRT/SLip variant mutation V1104L,geneticUnitSet,,,,,,,,,,,,,,,,,,,,,,,,,,,,,,,,,,,,,,,,,,,,,,,,,,,,,,,,,,,,,,,,,CBG,Cambrigde,United Kingdom,,,,,fluIAVm,Influenza A M gene,"A measure of the M gene found in Influenza A viruses (IAV). The virus has segmented RNA genome and 7th segment, M gene, encodes 2 proteins. M1 is a matrix protein and M2 is a membrane protein. The M gene may be involved in determining host tropism.",geneticUnitSet,,,,,,,,
v2930l,v2930l delta-variant gene target,v2930l delta-variant gene target,geneticUnitSet,,,,,,,,,,,,,,,,,,,,,,,,,,,,,,,,,,,,,,,,,,,,,,,,,,,,,,,,,,,,,,,,,CAL,Campbeltown,United Kingdom,,,,,fluN1neur,Influenza A N1 neuraminidase gene,"Measure of the N1 neuraminidase gene from the Highly Pathogenic Avian Influenza Virus (HPAIV), the H5N1 Influenza A Virus (IAV) subtype.",geneticUnitSet,,,,,,,,
wt214,Delta Variant wt214 gene target,Delta Variant wt214 gene target,geneticUnitSet,,,,,,,,,,,,,,,,,,,,,,,,,,,,,,,,,,,,,,,,,,,,,,,,,,,,,,,,,,,,,,,,,CEQ,Cannes�� Mandelieu Airport,France,,,,,otherA,other allele,use for allele targets not yet added to dictionary,geneticUnitSet,,,,,,,,
y505h,y505h omicron-variant gene target,y505h omicron-variant gene target,geneticUnitSet,,,,,,,,,,,,,,,,,,,,,,,,,,,,,,,,,,,,,,,,,,,,,,,,,,,,,,,,,,,,,,,,,CWL,Cardiff�- Cardiff Airport,United Kingdom,,,,,,*** Variant ***,,,,,,,,,,
,,,,,,,,,,,,,,,,,,,,,,,,,,,,,,,,,,,,,,,,,,,,,,,,,,,,,,,,,,,,,,,,,,,,CTA,Catania,Italy,,,,,beta,Beta (B.1.351),B.1.351,geneticUnitSet,,,,,,,,
,,,,,,,,,,,,,,,,,,,,,,,,,,,,,,,,,,,,,,,,,,,,,,,,,,,,,,,,,,,,,,,,,,,,CBU,Cottbus - Cottbus-Drewitz Airport,Germany,,,,,covB117,SARS-CoV-2-B.1.1.7,Variant B.1.1.7 of the SARS-CoV-2 virus.,geneticUnitSet,,,,,,,,
,,,,,,,,,,,,,,,,,,,,,,,,,,,,,,,,,,,,,,,,,,,,,,,,,,,,,,,,,,,,,,,,,,,,CMF,Chambery,France,,,,,covB135,SARS-CoV-2-B.1.351,Variant B.1.351 of the SARS-CoV-2 virus.,geneticUnitSet,,,,,,,,
,,,,,,,,,,,,,,,,,,,,,,,,,,,,,,,,,,,,,,,,,,,,,,,,,,,,,,,,,,,,,,,,,,,,CHQ,Chania,Greece,,,,,covP1,SARS-CoV-2-P.1,Variant P.1 of the SARS-CoV-2 virus.,geneticUnitSet,,,,,,,,
,,,,,,,,,,,,,,,,,,,,,,,,,,,,,,,,,,,,,,,,,,,,,,,,,,,,,,,,,,,,,,,,,,,,JKH,Chios,Greece,,,,,delta,Delta (B.1.617.2),B.1.617.2,geneticUnitSet,,,,,,,,
,,,,,,,,,,,,,,,,,,,,,,,,,,,,,,,,,,,,,,,,,,,,,,,,,,,,,,,,,,,,,,,,,,,,KIV,Chisinau�- Chi?in?u International Airport,Moldova,,,,,lamba,Lambda C.37,C.37,geneticUnitSet,,,,,,,,
,,,,,,,,,,,,,,,,,,,,,,,,,,,,,,,,,,,,,,,,,,,,,,,,,,,,,,,,,,,,,,,,,,,,CFE,Clermont Ferrand,France,,,,,omicr1,Omicron B.1.1.529,Omicron B.1.1.529,geneticUnitSet,,,,,,,,
,,,,,,,,,,,,,,,,,,,,,,,,,,,,,,,,,,,,,,,,,,,,,,,,,,,,,,,,,,,,,,,,,,,,CGN,Cologne�- Cologne Airport (Flughafen K�ln/Bonn),Germany,,,,,omicr2,Omicron BA.2,Omicron BA.2,geneticUnitSet,,,,,,,,
,,,,,,,,,,,,,,,,,,,,,,,,,,,,,,,,,,,,,,,,,,,,,,,,,,,,,,,,,,,,,,,,,,,,CND,Constanta�(Constan?a) - Constanta Int'l Airport,Romania,,,,,omicr275,Omicron BA.2.75,Omicron BA.2.75,geneticUnitSet,,,,,,,,
,,,,,,,,,,,,,,,,,,,,,,,,,,,,,,,,,,,,,,,,,,,,,,,,,,,,,,,,,,,,,,,,,,,,CPH,Copenhagen�- Copenhagen Airport,Denmark,,,,,omicr4,Omicron BA.4,Omicron BA.4,geneticUnitSet,,,,,,,,
,,,,,,,,,,,,,,,,,,,,,,,,,,,,,,,,,,,,,,,,,,,,,,,,,,,,,,,,,,,,,,,,,,,,ODB,Cordoba,Spain,,,,,omicr5,Omicron BA.5,Omicron BA.5,geneticUnitSet,,,,,,,,
,,,,,,,,,,,,,,,,,,,,,,,,,,,,,,,,,,,,,,,,,,,,,,,,,,,,,,,,,,,,,,,,,,,,CFU,Corfu,Greece,,,,,otherV,other variant,use for variants not yet added to dictionary,geneticUnitSet,,,,,,,,
,,,,,,,,,,,,,,,,,,,,,,,,,,,,,,,,,,,,,,,,,,,,,,,,,,,,,,,,,,,,,,,,,,,,ORK,Cork,Ireland,,,,,fluA,Influenza A virus,Influenza A virus.,geneticUnitSet,,,,,,,,
,,,,,,,,,,,,,,,,,,,,,,,,,,,,,,,,,,,,,,,,,,,,,,,,,,,,,,,,,,,,,,,,,,,,CVT,Coventry - Baginton,United Kingdom,,,,,fluA1,Influenza virus A1,Influenza virus A1 type,geneticUnitSet,,,,,,,,
,,,,,,,,,,,,,,,,,,,,,,,,,,,,,,,,,,,,,,,,,,,,,,,,,,,,,,,,,,,,,,,,,,,,DLM,Dalaman,Turkey,,,,,fluA2,influenza virus A2,influenza virus A2 type,geneticUnitSet,,,,,,,,
,,,,,,,,,,,,,,,,,,,,,,,,,,,,,,,,,,,,,,,,,,,,,,,,,,,,,,,,,,,,,,,,,,,,HAG,Den Haag�(The Hague),Netherlands,,,,,fluB,Influenza virus B,Influenza virus B type,geneticUnitSet,,,,,,,,
,,,,,,,,,,,,,,,,,,,,,,,,,,,,,,,,,,,,,,,,,,,,,,,,,,,,,,,,,,,,,,,,,,,,DNZ,Denizli,Turkey,,,,,h5n1,H5N1 avian influenza A virus (IAV) ,"General measurement for the Highly Pathogenic Avian Influenza Virus (HPAIV), the H5N1 Influenza A Virus (IAV) subtype.",geneticUnitSet,,,,,,,,
,,,,,,,,,,,,,,,,,,,,,,,,,,,,,,,,,,,,,,,,,,,,,,,,,,,,,,,,,,,,,,,,,,,,LDY,Derry (Londonderry),United Kingdom,,,,,mpox,Mpox,"The virus known as Mpox, previously also known as Monkey Pox.",geneticUnitSet,,,,,,,,
,,,,,,,,,,,,,,,,,,,,,,,,,,,,,,,,,,,,,,,,,,,,,,,,,,,,,,,,,,,,,,,,,,,,DNR,Dinard,France,,,,,mpxClI,Mpox Clade I,"The virus known as Mpox, previously also known as Monkey Pox, Clade I virus type.",geneticUnitSet,,,,,,,,
,,,,,,,,,,,,,,,,,,,,,,,,,,,,,,,,,,,,,,,,,,,,,,,,,,,,,,,,,,,,,,,,,,,,DLP,Disneyland Paris,France,,,,,mpxClII,Mpox Clade II,"The virus known as Mpox, previously also known as Monkey Pox, Clade II virus type.",geneticUnitSet,,,,,,,,
,,,,,,,,,,,,,,,,,,,,,,,,,,,,,,,,,,,,,,,,,,,,,,,,,,,,,,,,,,,,,,,,,,,,DSA,"Doncaster/Sheffield, Robin Hood International Airport",United Kingdom,,,,,dengue,Dengue,"Dengue virus, general measurement",geneticUnitSet,,,,,,,,
,,,,,,,,,,,,,,,,,,,,,,,,,,,,,,,,,,,,,,,,,,,,,,,,,,,,,,,,,,,,,,,,,,,,CFN,Donegal (Carrickfin),Ireland,,,,,den1,Dengue Virus Type 1,"Dengue virus, Type 1, general measurement",geneticUnitSet,,,,,,,,
,,,,,,,,,,,,,,,,,,,,,,,,,,,,,,,,,,,,,,,,,,,,,,,,,,,,,,,,,,,,,,,,,,,,DTM,Dortmund,Germany,,,,,den2,Dengue Virus Type 2,"Dengue virus, Type 2, general measurement",geneticUnitSet,,,,,,,,
,,,,,,,,,,,,,,,,,,,,,,,,,,,,,,,,,,,,,,,,,,,,,,,,,,,,,,,,,,,,,,,,,,,,DRS,Dresden�- Dresden Airport,Germany,,,,,den3,Dengue Virus Type 3,"Dengue virus, Type 3, general measurement",geneticUnitSet,,,,,,,,
,,,,,,,,,,,,,,,,,,,,,,,,,,,,,,,,,,,,,,,,,,,,,,,,,,,,,,,,,,,,,,,,,,,,DUB,Dublin�- Dublin International Airport,Ireland,,,,,den4,Dengue Virus Type 4,"Dengue virus, Type 4, general measurement",geneticUnitSet,,,,,,,,
,,,,,,,,,,,,,,,,,,,,,,,,,,,,,,,,,,,,,,,,,,,,,,,,,,,,,,,,,,,,,,,,,,,,DBV,Dubrovnik,Croatia�(Hrvatska),,,,,,,,,,,,,,,,
,,,,,,,,,,,,,,,,,,,,,,,,,,,,,,,,,,,,,,,,,,,,,,,,,,,,,,,,,,,,,,,,,,,,DUS,Duesseldorf�- D�sseldorf International Airport,Germany,,,,,,,,,,,,,,,,
,,,,,,,,,,,,,,,,,,,,,,,,,,,,,,,,,,,,,,,,,,,,,,,,,,,,,,,,,,,,,,,,,,,,DND,Dundee,United Kingdom,,,,,,,,,,,,,,,,
,,,,,,,,,,,,,,,,,,,,,,,,,,,,,,,,,,,,,,,,,,,,,,,,,,,,,,,,,,,,,,,,,,,,EDI,Edinburgh�- Edinburgh Airport,"Scotland,�UK",,,,,,,,,,,,,,,,
,,,,,,,,,,,,,,,,,,,,,,,,,,,,,,,,,,,,,,,,,,,,,,,,,,,,,,,,,,,,,,,,,,,,EGS,Egilsstadir,Iceland,,,,,,,,,,,,,,,,
,,,,,,,,,,,,,,,,,,,,,,,,,,,,,,,,,,,,,,,,,,,,,,,,,,,,,,,,,,,,,,,,,,,,EIN,Eindhoven,Netherlands,,,,,,,,,,,,,,,,
,,,,,,,,,,,,,,,,,,,,,,,,,,,,,,,,,,,,,,,,,,,,,,,,,,,,,,,,,,,,,,,,,,,,EBA,"Elba Island, Marina Di Campo",Italy,,,,,,,,,,,,,,,,
,,,,,,,,,,,,,,,,,,,,,,,,,,,,,,,,,,,,,,,,,,,,,,,,,,,,,,,,,,,,,,,,,,,,ENF,Enontekioe,Finland,,,,,,,,,,,,,,,,
,,,,,,,,,,,,,,,,,,,,,,,,,,,,,,,,,,,,,,,,,,,,,,,,,,,,,,,,,,,,,,,,,,,,ERF,Erfurt�- Erfurt Airport (Flughafen Erfurt),Germany,,,,,,,,,,,,,,,,
,,,,,,,,,,,,,,,,,,,,,,,,,,,,,,,,,,,,,,,,,,,,,,,,,,,,,,,,,,,,,,,,,,,,ERC,Erzincan,Turkey,,,,,,,,,,,,,,,,
,,,,,,,,,,,,,,,,,,,,,,,,,,,,,,,,,,,,,,,,,,,,,,,,,,,,,,,,,,,,,,,,,,,,ERZ,Erzurum,Turkey,,,,,,,,,,,,,,,,
,,,,,,,,,,,,,,,,,,,,,,,,,,,,,,,,,,,,,,,,,,,,,,,,,,,,,,,,,,,,,,,,,,,,EBJ,Esbjerg,Denmark,,,,,,,,,,,,,,,,
,,,,,,,,,,,,,,,,,,,,,,,,,,,,,,,,,,,,,,,,,,,,,,,,,,,,,,,,,,,,,,,,,,,,EVE,Evenes,Norway,,,,,,,,,,,,,,,,
,,,,,,,,,,,,,,,,,,,,,,,,,,,,,,,,,,,,,,,,,,,,,,,,,,,,,,,,,,,,,,,,,,,,EXT,Exeter,United Kingdom,,,,,,,,,,,,,,,,
,,,,,,,,,,,,,,,,,,,,,,,,,,,,,,,,,,,,,,,,,,,,,,,,,,,,,,,,,,,,,,,,,,,,FIE,Fair Isle (Shetland),United Kingdom,,,,,,,,,,,,,,,,
,,,,,,,,,,,,,,,,,,,,,,,,,,,,,,,,,,,,,,,,,,,,,,,,,,,,,,,,,,,,,,,,,,,,FAO,Faro,Portugal,,,,,,,,,,,,,,,,
,,,,,,,,,,,,,,,,,,,,,,,,,,,,,,,,,,,,,,,,,,,,,,,,,,,,,,,,,,,,,,,,,,,,FAE,Faroer�- V�gar Airport,Denmark,,,,,,,,,,,,,,,,
,,,,,,,,,,,,,,,,,,,,,,,,,,,,,,,,,,,,,,,,,,,,,,,,,,,,,,,,,,,,,,,,,,,,FSC,Figari,France,,,,,,,,,,,,,,,,
,,,,,,,,,,,,,,,,,,,,,,,,,,,,,,,,,,,,,,,,,,,,,,,,,,,,,,,,,,,,,,,,,,,,FLR,Florence�(Firenze) - Peretola Airport,Italy,,,,,,,,,,,,,,,,
,,,,,,,,,,,,,,,,,,,,,,,,,,,,,,,,,,,,,,,,,,,,,,,,,,,,,,,,,,,,,,,,,,,,FRO,Floro,Norway,,,,,,,,,,,,,,,,
,,,,,,,,,,,,,,,,,,,,,,,,,,,,,,,,,,,,,,,,,,,,,,,,,,,,,,,,,,,,,,,,,,,,FOU,Foula (Shetland),United Kingdom,,,,,,,,,,,,,,,,
,,,,,,,,,,,,,,,,,,,,,,,,,,,,,,,,,,,,,,,,,,,,,,,,,,,,,,,,,,,,,,,,,,,,FRA,Frankfurt/Main�- Frankfurt Airport (Rhein-Main-Flughafen),Germany,,,,,,,,,,,,,,,,
,,,,,,,,,,,,,,,,,,,,,,,,,,,,,,,,,,,,,,,,,,,,,,,,,,,,,,,,,,,,,,,,,,,,HHN,Frankfurt/Hahn,Germany,,,,,,,,,,,,,,,,
,,,,,,,,,,,,,,,,,,,,,,,,,,,,,,,,,,,,,,,,,,,,,,,,,,,,,,,,,,,,,,,,,,,,FRJ,Frejus,France,,,,,,,,,,,,,,,,
,,,,,,,,,,,,,,,,,,,,,,,,,,,,,,,,,,,,,,,,,,,,,,,,,,,,,,,,,,,,,,,,,,,,FDH,Friedrichshafen�- Bodensee-Airport Friedrichshafen,Germany,,,,,,,,,,,,,,,,
,,,,,,,,,,,,,,,,,,,,,,,,,,,,,,,,,,,,,,,,,,,,,,,,,,,,,,,,,,,,,,,,,,,,FUE,Fuerteventura,Spain,,,,,,,,,,,,,,,,
,,,,,,,,,,,,,,,,,,,,,,,,,,,,,,,,,,,,,,,,,,,,,,,,,,,,,,,,,,,,,,,,,,,,FNC,Funchal,Portugal,,,,,,,,,,,,,,,,
,,,,,,,,,,,,,,,,,,,,,,,,,,,,,,,,,,,,,,,,,,,,,,,,,,,,,,,,,,,,,,,,,,,,GWY,Galway,Ireland,,,,,,,,,,,,,,,,
,,,,,,,,,,,,,,,,,,,,,,,,,,,,,,,,,,,,,,,,,,,,,,,,,,,,,,,,,,,,,,,,,,,,GZT,Gaziantep,Turkey,,,,,,,,,,,,,,,,
,,,,,,,,,,,,,,,,,,,,,,,,,,,,,,,,,,,,,,,,,,,,,,,,,,,,,,,,,,,,,,,,,,,,GDN,Gdansk,Poland,,,,,,,,,,,,,,,,
,,,,,,,,,,,,,,,,,,,,,,,,,,,,,,,,,,,,,,,,,,,,,,,,,,,,,,,,,,,,,,,,,,,,GVA,Geneva�- Geneva-Cointrin International Airport,Switzerland,,,,,,,,,,,,,,,,
,,,,,,,,,,,,,,,,,,,,,,,,,,,,,,,,,,,,,,,,,,,,,,,,,,,,,,,,,,,,,,,,,,,,GOA,Genoa,Italy,,,,,,,,,,,,,,,,
,,,,,,,,,,,,,,,,,,,,,,,,,,,,,,,,,,,,,,,,,,,,,,,,,,,,,,,,,,,,,,,,,,,,GRO,Gerona,Spain,,,,,,,,,,,,,,,,
,,,,,,,,,,,,,,,,,,,,,,,,,,,,,,,,,,,,,,,,,,,,,,,,,,,,,,,,,,,,,,,,,,,,GNE,Ghent (Gent),Belgium,,,,,,,,,,,,,,,,
,,,,,,,,,,,,,,,,,,,,,,,,,,,,,,,,,,,,,,,,,,,,,,,,,,,,,,,,,,,,,,,,,,,,GIB,Gibraltar,Gibraltar,,,,,,,,,,,,,,,,
,,,,,,,,,,,,,,,,,,,,,,,,,,,,,,,,,,,,,,,,,,,,,,,,,,,,,,,,,,,,,,,,,,,,PIK,"Glasgow, Prestwick",United Kingdom,,,,,,,,,,,,,,,,
,,,,,,,,,,,,,,,,,,,,,,,,,,,,,,,,,,,,,,,,,,,,,,,,,,,,,,,,,,,,,,,,,,,,GLA,Glasgow,United Kingdom,,,,,,,,,,,,,,,,
,,,,,,,,,,,,,,,,,,,,,,,,,,,,,,,,,,,,,,,,,,,,,,,,,,,,,,,,,,,,,,,,,,,,GOZ,Gorna,Bulgaria,,,,,,,,,,,,,,,,
,,,,,,,,,,,,,,,,,,,,,,,,,,,,,,,,,,,,,,,,,,,,,,,,,,,,,,,,,,,,,,,,,,,,GOT,Gothenburg (G�teborg) - Landvetter,Sweden,,,,,,,,,,,,,,,,
,,,,,,,,,,,,,,,,,,,,,,,,,,,,,,,,,,,,,,,,,,,,,,,,,,,,,,,,,,,,,,,,,,,,GRX,Granada,Spain,,,,,,,,,,,,,,,,
,,,,,,,,,,,,,,,,,,,,,,,,,,,,,,,,,,,,,,,,,,,,,,,,,,,,,,,,,,,,,,,,,,,,GRZ,Graz,Austria,,,,,,,,,,,,,,,,
,,,,,,,,,,,,,,,,,,,,,,,,,,,,,,,,,,,,,,,,,,,,,,,,,,,,,,,,,,,,,,,,,,,,GNB,Grenoble,France,,,,,,,,,,,,,,,,
,,,,,,,,,,,,,,,,,,,,,,,,,,,,,,,,,,,,,,,,,,,,,,,,,,,,,,,,,,,,,,,,,,,,GRQ,Groningen - Eelde,Netherlands,,,,,,,,,,,,,,,,
,,,,,,,,,,,,,,,,,,,,,,,,,,,,,,,,,,,,,,,,,,,,,,,,,,,,,,,,,,,,,,,,,,,,GTI,Guettin,Germany,,,,,,,,,,,,,,,,
,,,,,,,,,,,,,,,,,,,,,,,,,,,,,,,,,,,,,,,,,,,,,,,,,,,,,,,,,,,,,,,,,,,,HAM,Hamburg�- Fuhlsbuettel,Germany,,,,,,,,,,,,,,,,
,,,,,,,,,,,,,,,,,,,,,,,,,,,,,,,,,,,,,,,,,,,,,,,,,,,,,,,,,,,,,,,,,,,,HFT,Hammerfest,Norway,,,,,,,,,,,,,,,,
,,,,,,,,,,,,,,,,,,,,,,,,,,,,,,,,,,,,,,,,,,,,,,,,,,,,,,,,,,,,,,,,,,,,HAJ,Hannover,Germany,,,,,,,,,,,,,,,,
,,,,,,,,,,,,,,,,,,,,,,,,,,,,,,,,,,,,,,,,,,,,,,,,,,,,,,,,,,,,,,,,,,,,HAU,Haugesund,Norway,,,,,,,,,,,,,,,,
,,,,,,,,,,,,,,,,,,,,,,,,,,,,,,,,,,,,,,,,,,,,,,,,,,,,,,,,,,,,,,,,,,,,JHE,Helsingborg,Sweden,,,,,,,,,,,,,,,,
,,,,,,,,,,,,,,,,,,,,,,,,,,,,,,,,,,,,,,,,,,,,,,,,,,,,,,,,,,,,,,,,,,,,HEL,Helsinki�- Vantaa,Finland,,,,,,,,,,,,,,,,
,,,,,,,,,,,,,,,,,,,,,,,,,,,,,,,,,,,,,,,,,,,,,,,,,,,,,,,,,,,,,,,,,,,,HER,Heraklion,Greece,,,,,,,,,,,,,,,,
,,,,,,,,,,,,,,,,,,,,,,,,,,,,,,,,,,,,,,,,,,,,,,,,,,,,,,,,,,,,,,,,,,,,HOQ,Hof,Germany,,,,,,,,,,,,,,,,
,,,,,,,,,,,,,,,,,,,,,,,,,,,,,,,,,,,,,,,,,,,,,,,,,,,,,,,,,,,,,,,,,,,,HOR,Horta,Portugal,,,,,,,,,,,,,,,,
,,,,,,,,,,,,,,,,,,,,,,,,,,,,,,,,,,,,,,,,,,,,,,,,,,,,,,,,,,,,,,,,,,,,HUY,Humberside,United Kingdom,,,,,,,,,,,,,,,,
,,,,,,,,,,,,,,,,,,,,,,,,,,,,,,,,,,,,,,,,,,,,,,,,,,,,,,,,,,,,,,,,,,,,IBZ,Ibiza,Ibiza/Spain,,,,,,,,,,,,,,,,
,,,,,,,,,,,,,,,,,,,,,,,,,,,,,,,,,,,,,,,,,,,,,,,,,,,,,,,,,,,,,,,,,,,,INN,Innsbruck - Kranebitten,Austria,,,,,,,,,,,,,,,,
,,,,,,,,,,,,,,,,,,,,,,,,,,,,,,,,,,,,,,,,,,,,,,,,,,,,,,,,,,,,,,,,,,,,INV,Inverness,United Kingdom,,,,,,,,,,,,,,,,
,,,,,,,,,,,,,,,,,,,,,,,,,,,,,,,,,,,,,,,,,,,,,,,,,,,,,,,,,,,,,,,,,,,,ILY,Islay,United Kingdom,,,,,,,,,,,,,,,,
,,,,,,,,,,,,,,,,,,,,,,,,,,,,,,,,,,,,,,,,,,,,,,,,,,,,,,,,,,,,,,,,,,,,IOM,Isle of Man,,,,,,,,,,,,,,,,,
,,,,,,,,,,,,,,,,,,,,,,,,,,,,,,,,,,,,,,,,,,,,,,,,,,,,,,,,,,,,,,,,,,,,IST,Istanbul�- Istanbul Atat�rk Airport,Turkey,,,,,,,,,,,,,,,,
,,,,,,,,,,,,,,,,,,,,,,,,,,,,,,,,,,,,,,,,,,,,,,,,,,,,,,,,,,,,,,,,,,,,SAW,Istanbul�- Sabiha Gokcen,Turkey,,,,,,,,,,,,,,,,
,,,,,,,,,,,,,,,,,,,,,,,,,,,,,,,,,,,,,,,,,,,,,,,,,,,,,,,,,,,,,,,,,,,,IVL,Ivalo,Finland,,,,,,,,,,,,,,,,
,,,,,,,,,,,,,,,,,,,,,,,,,,,,,,,,,,,,,,,,,,,,,,,,,,,,,,,,,,,,,,,,,,,,IZM,Izmir,Turkey,,,,,,,,,,,,,,,,
,,,,,,,,,,,,,,,,,,,,,,,,,,,,,,,,,,,,,,,,,,,,,,,,,,,,,,,,,,,,,,,,,,,,ADB,Izmir - Adnan Menderes Airport,Turkey,,,,,,,,,,,,,,,,
,,,,,,,,,,,,,,,,,,,,,,,,,,,,,,,,,,,,,,,,,,,,,,,,,,,,,,,,,,,,,,,,,,,,JAM,Jambol,Bulgaria,,,,,,,,,,,,,,,,
,,,,,,,,,,,,,,,,,,,,,,,,,,,,,,,,,,,,,,,,,,,,,,,,,,,,,,,,,,,,,,,,,,,,XRY,Jerez de la Frontera/Cadiz - La Parra,Spain,,,,,,,,,,,,,,,,
,,,,,,,,,,,,,,,,,,,,,,,,,,,,,,,,,,,,,,,,,,,,,,,,,,,,,,,,,,,,,,,,,,,,JKG,J�nk�ping (Jonkoping) - Axamo Airport,Sweden,,,,,,,,,,,,,,,,
,,,,,,,,,,,,,,,,,,,,,,,,,,,,,,,,,,,,,,,,,,,,,,,,,,,,,,,,,,,,,,,,,,,,JOE,Joensuu,Finland,,,,,,,,,,,,,,,,
,,,,,,,,,,,,,,,,,,,,,,,,,,,,,,,,,,,,,,,,,,,,,,,,,,,,,,,,,,,,,,,,,,,,JUI,Juist (island),Germany,,,,,,,,,,,,,,,,
,,,,,,,,,,,,,,,,,,,,,,,,,,,,,,,,,,,,,,,,,,,,,,,,,,,,,,,,,,,,,,,,,,,,JYV,Jyv�skyl� (Jyvaskyla),Finland,,,,,,,,,,,,,,,,
,,,,,,,,,,,,,,,,,,,,,,,,,,,,,,,,,,,,,,,,,,,,,,,,,,,,,,,,,,,,,,,,,,,,KCM,Kahramanmaras,Turkey,,,,,,,,,,,,,,,,
,,,,,,,,,,,,,,,,,,,,,,,,,,,,,,,,,,,,,,,,,,,,,,,,,,,,,,,,,,,,,,,,,,,,KAJ,Kajaani,Finland,,,,,,,,,,,,,,,,
,,,,,,,,,,,,,,,,,,,,,,,,,,,,,,,,,,,,,,,,,,,,,,,,,,,,,,,,,,,,,,,,,,,,KLX,Kalamata,Greece,,,,,,,,,,,,,,,,
,,,,,,,,,,,,,,,,,,,,,,,,,,,,,,,,,,,,,,,,,,,,,,,,,,,,,,,,,,,,,,,,,,,,KLR,Kalmar,Sweden,,,,,,,,,,,,,,,,
,,,,,,,,,,,,,,,,,,,,,,,,,,,,,,,,,,,,,,,,,,,,,,,,,,,,,,,,,,,,,,,,,,,,FKB,Karlsruhe-Baden - Soellingen,Germany,,,,,,,,,,,,,,,,
,,,,,,,,,,,,,,,,,,,,,,,,,,,,,,,,,,,,,,,,,,,,,,,,,,,,,,,,,,,,,,,,,,,,KSD,Karlstad,Sweden,,,,,,,,,,,,,,,,
,,,,,,,,,,,,,,,,,,,,,,,,,,,,,,,,,,,,,,,,,,,,,,,,,,,,,,,,,,,,,,,,,,,,AOK,Karpathos,Greece,,,,,,,,,,,,,,,,
,,,,,,,,,,,,,,,,,,,,,,,,,,,,,,,,,,,,,,,,,,,,,,,,,,,,,,,,,,,,,,,,,,,,KYS,Kars,Turkey,,,,,,,,,,,,,,,,
,,,,,,,,,,,,,,,,,,,,,,,,,,,,,,,,,,,,,,,,,,,,,,,,,,,,,,,,,,,,,,,,,,,,KRP,Karup,Denmark,,,,,,,,,,,,,,,,
,,,,,,,,,,,,,,,,,,,,,,,,,,,,,,,,,,,,,,,,,,,,,,,,,,,,,,,,,,,,,,,,,,,,KHJ,Kauhajoki,Finland,,,,,,,,,,,,,,,,
,,,,,,,,,,,,,,,,,,,,,,,,,,,,,,,,,,,,,,,,,,,,,,,,,,,,,,,,,,,,,,,,,,,,KVA,Kavalla,Greece,,,,,,,,,,,,,,,,
,,,,,,,,,,,,,,,,,,,,,,,,,,,,,,,,,,,,,,,,,,,,,,,,,,,,,,,,,,,,,,,,,,,,ASR,Kayseri,Turkey,,,,,,,,,,,,,,,,
,,,,,,,,,,,,,,,,,,,,,,,,,,,,,,,,,,,,,,,,,,,,,,,,,,,,,,,,,,,,,,,,,,,,KEM,Kemi/Tornio,Finland,,,,,,,,,,,,,,,,
,,,,,,,,,,,,,,,,,,,,,,,,,,,,,,,,,,,,,,,,,,,,,,,,,,,,,,,,,,,,,,,,,,,,MSE,Kent (Manston) Kent International,United Kingdom,,,,,,,,,,,,,,,,
,,,,,,,,,,,,,,,,,,,,,,,,,,,,,,,,,,,,,,,,,,,,,,,,,,,,,,,,,,,,,,,,,,,,KIR,Kerry County,Ireland,,,,,,,,,,,,,,,,
,,,,,,,,,,,,,,,,,,,,,,,,,,,,,,,,,,,,,,,,,,,,,,,,,,,,,,,,,,,,,,,,,,,,HRK,Kharkov,Ukraine,,,,,,,,,,,,,,,,
,,,,,,,,,,,,,,,,,,,,,,,,,,,,,,,,,,,,,,,,,,,,,,,,,,,,,,,,,,,,,,,,,,,,KEL,Kiel�- Holtenau,Germany,,,,,,,,,,,,,,,,
,,,,,,,,,,,,,,,,,,,,,,,,,,,,,,,,,,,,,,,,,,,,,,,,,,,,,,,,,,,,,,,,,,,,KBP,Kiev�- Borispol,Ukraine,,,,,,,,,,,,,,,,
,,,,,,,,,,,,,,,,,,,,,,,,,,,,,,,,,,,,,,,,,,,,,,,,,,,,,,,,,,,,,,,,,,,,IEV,Kiev�- Zhulhany,Ukraine,,,,,,,,,,,,,,,,
,,,,,,,,,,,,,,,,,,,,,,,,,,,,,,,,,,,,,,,,,,,,,,,,,,,,,,,,,,,,,,,,,,,,KKN,Kirkenes,Norway,,,,,,,,,,,,,,,,
,,,,,,,,,,,,,,,,,,,,,,,,,,,,,,,,,,,,,,,,,,,,,,,,,,,,,,,,,,,,,,,,,,,,KOI,Kirkwall (Orkney),United Kingdom,,,,,,,,,,,,,,,,
,,,,,,,,,,,,,,,,,,,,,,,,,,,,,,,,,,,,,,,,,,,,,,,,,,,,,,,,,,,,,,,,,,,,KRN,Kiruna,Sweden,,,,,,,,,,,,,,,,
,,,,,,,,,,,,,,,,,,,,,,,,,,,,,,,,,,,,,,,,,,,,,,,,,,,,,,,,,,,,,,,,,,,,KTT,Kittil�,Finland,,,,,,,,,,,,,,,,
,,,,,,,,,,,,,,,,,,,,,,,,,,,,,,,,,,,,,,,,,,,,,,,,,,,,,,,,,,,,,,,,,,,,KLU,Klagenfurt,Austria,,,,,,,,,,,,,,,,
,,,,,,,,,,,,,,,,,,,,,,,,,,,,,,,,,,,,,,,,,,,,,,,,,,,,,,,,,,,,,,,,,,,,NOC,Knock,Ireland,,,,,,,,,,,,,,,,
,,,,,,,,,,,,,,,,,,,,,,,,,,,,,,,,,,,,,,,,,,,,,,,,,,,,,,,,,,,,,,,,,,,,CGN,"K�ln, K�ln/Bonn",Germany,,,,,,,,,,,,,,,,
,,,,,,,,,,,,,,,,,,,,,,,,,,,,,,,,,,,,,,,,,,,,,,,,,,,,,,,,,,,,,,,,,,,,KOK,Kokkola/Pietarsaari,Finland,,,,,,,,,,,,,,,,
,,,,,,,,,,,,,,,,,,,,,,,,,,,,,,,,,,,,,,,,,,,,,,,,,,,,,,,,,,,,,,,,,,,,KYA,Konya,Turkey,,,,,,,,,,,,,,,,
,,,,,,,,,,,,,,,,,,,,,,,,,,,,,,,,,,,,,,,,,,,,,,,,,,,,,,,,,,,,,,,,,,,,KGS,Kos,Greece,,,,,,,,,,,,,,,,
,,,,,,,,,,,,,,,,,,,,,,,,,,,,,,,,,,,,,,,,,,,,,,,,,,,,,,,,,,,,,,,,,,,,KRK,Krakow (Cracow) - John Paul II International Airport,Poland,,,,,,,,,,,,,,,,
,,,,,,,,,,,,,,,,,,,,,,,,,,,,,,,,,,,,,,,,,,,,,,,,,,,,,,,,,,,,,,,,,,,,KRS,Kristiansand,Norway,,,,,,,,,,,,,,,,
,,,,,,,,,,,,,,,,,,,,,,,,,,,,,,,,,,,,,,,,,,,,,,,,,,,,,,,,,,,,,,,,,,,,KID,Kristianstad,Sweden,,,,,,,,,,,,,,,,
,,,,,,,,,,,,,,,,,,,,,,,,,,,,,,,,,,,,,,,,,,,,,,,,,,,,,,,,,,,,,,,,,,,,KSU,Kristiansund,Norway,,,,,,,,,,,,,,,,
,,,,,,,,,,,,,,,,,,,,,,,,,,,,,,,,,,,,,,,,,,,,,,,,,,,,,,,,,,,,,,,,,,,,KUO,Kuopio,Finland,,,,,,,,,,,,,,,,
,,,,,,,,,,,,,,,,,,,,,,,,,,,,,,,,,,,,,,,,,,,,,,,,,,,,,,,,,,,,,,,,,,,,KAO,Kuusamo,Finland,,,,,,,,,,,,,,,,
,,,,,,,,,,,,,,,,,,,,,,,,,,,,,,,,,,,,,,,,,,,,,,,,,,,,,,,,,,,,,,,,,,,,LCG,La Coruna,Spain,,,,,,,,,,,,,,,,
,,,,,,,,,,,,,,,,,,,,,,,,,,,,,,,,,,,,,,,,,,,,,,,,,,,,,,,,,,,,,,,,,,,,LRH,La Rochelle,France,,,,,,,,,,,,,,,,
,,,,,,,,,,,,,,,,,,,,,,,,,,,,,,,,,,,,,,,,,,,,,,,,,,,,,,,,,,,,,,,,,,,,LKL,Lakselv,Norway,,,,,,,,,,,,,,,,
,,,,,,,,,,,,,,,,,,,,,,,,,,,,,,,,,,,,,,,,,,,,,,,,,,,,,,,,,,,,,,,,,,,,SUF,Lamezia Terme,Italy,,,,,,,,,,,,,,,,
,,,,,,,,,,,,,,,,,,,,,,,,,,,,,,,,,,,,,,,,,,,,,,,,,,,,,,,,,,,,,,,,,,,,LMP,Lampedusa,Italy,,,,,,,,,,,,,,,,
,,,,,,,,,,,,,,,,,,,,,,,,,,,,,,,,,,,,,,,,,,,,,,,,,,,,,,,,,,,,,,,,,,,,LEQ,Land's End,United Kingdom,,,,,,,,,,,,,,,,
,,,,,,,,,,,,,,,,,,,,,,,,,,,,,,,,,,,,,,,,,,,,,,,,,,,,,,,,,,,,,,,,,,,,LAI,Lannion,France,,,,,,,,,,,,,,,,
,,,,,,,,,,,,,,,,,,,,,,,,,,,,,,,,,,,,,,,,,,,,,,,,,,,,,,,,,,,,,,,,,,,,LPP,Lappeenranta,Finland,,,,,,,,,,,,,,,,
,,,,,,,,,,,,,,,,,,,,,,,,,,,,,,,,,,,,,,,,,,,,,,,,,,,,,,,,,,,,,,,,,,,,LCA,Larnaca,Cyprus,,,,,,,,,,,,,,,,
,,,,,,,,,,,,,,,,,,,,,,,,,,,,,,,,,,,,,,,,,,,,,,,,,,,,,,,,,,,,,,,,,,,,LPA,Las Palmas,Spain,,,,,,,,,,,,,,,,
,,,,,,,,,,,,,,,,,,,,,,,,,,,,,,,,,,,,,,,,,,,,,,,,,,,,,,,,,,,,,,,,,,,,LBA,Leeds/Bradford,United Kingdom,,,,,,,,,,,,,,,,
,,,,,,,,,,,,,,,,,,,,,,,,,,,,,,,,,,,,,,,,,,,,,,,,,,,,,,,,,,,,,,,,,,,,LEJ,Leipzig,Germany,,,,,,,,,,,,,,,,
,,,,,,,,,,,,,,,,,,,,,,,,,,,,,,,,,,,,,,,,,,,,,,,,,,,,,,,,,,,,,,,,,,,,LEY,Lelystad,Netherlands,,,,,,,,,,,,,,,,
,,,,,,,,,,,,,,,,,,,,,,,,,,,,,,,,,,,,,,,,,,,,,,,,,,,,,,,,,,,,,,,,,,,,LWK,Lerwick/Tingwall (Shetland Islands),United Kingdom,,,,,,,,,,,,,,,,
,,,,,,,,,,,,,,,,,,,,,,,,,,,,,,,,,,,,,,,,,,,,,,,,,,,,,,,,,,,,,,,,,,,,LDK,Lidkoeping,Sweden,,,,,,,,,,,,,,,,
,,,,,,,,,,,,,,,,,,,,,,,,,,,,,,,,,,,,,,,,,,,,,,,,,,,,,,,,,,,,,,,,,,,,LGG,Liege,Belgium,,,,,,,,,,,,,,,,
,,,,,,,,,,,,,,,,,,,,,,,,,,,,,,,,,,,,,,,,,,,,,,,,,,,,,,,,,,,,,,,,,,,,LIL,Lille�- Lille Airport,France,,,,,,,,,,,,,,,,
,,,,,,,,,,,,,,,,,,,,,,,,,,,,,,,,,,,,,,,,,,,,,,,,,,,,,,,,,,,,,,,,,,,,QLI,Limassol,Cyprus,,,,,,,,,,,,,,,,
,,,,,,,,,,,,,,,,,,,,,,,,,,,,,,,,,,,,,,,,,,,,,,,,,,,,,,,,,,,,,,,,,,,,LIG,Limoges,France,,,,,,,,,,,,,,,,
,,,,,,,,,,,,,,,,,,,,,,,,,,,,,,,,,,,,,,,,,,,,,,,,,,,,,,,,,,,,,,,,,,,,LNZ,Linz - Hoersching,Austria,,,,,,,,,,,,,,,,
,,,,,,,,,,,,,,,,,,,,,,,,,,,,,,,,,,,,,,,,,,,,,,,,,,,,,,,,,,,,,,,,,,,,LIS,Lisbon�- Lisboa,Portugal,,,,,,,,,,,,,,,,
,,,,,,,,,,,,,,,,,,,,,,,,,,,,,,,,,,,,,,,,,,,,,,,,,,,,,,,,,,,,,,,,,,,,LPL,Liverpool,United Kingdom,,,,,,,,,,,,,,,,
,,,,,,,,,,,,,,,,,,,,,,,,,,,,,,,,,,,,,,,,,,,,,,,,,,,,,,,,,,,,,,,,,,,,LJU,Ljubljana�- Brnik,Slovenia,,,,,,,,,,,,,,,,
,,,,,,,,,,,,,,,,,,,,,,,,,,,,,,,,,,,,,,,,,,,,,,,,,,,,,,,,,,,,,,,,,,,,LON,London�Metropolitan Area,United Kingdom,,,,,,,,,,,,,,,,
,,,,,,,,,,,,,,,,,,,,,,,,,,,,,,,,,,,,,,,,,,,,,,,,,,,,,,,,,,,,,,,,,,,,LCY,London�- City Airport,United Kingdom,,,,,,,,,,,,,,,,
,,,,,,,,,,,,,,,,,,,,,,,,,,,,,,,,,,,,,,,,,,,,,,,,,,,,,,,,,,,,,,,,,,,,LGW,London�- Gatwick,United Kingdom,,,,,,,,,,,,,,,,
,,,,,,,,,,,,,,,,,,,,,,,,,,,,,,,,,,,,,,,,,,,,,,,,,,,,,,,,,,,,,,,,,,,,LHR,London�- Heathrow,United Kingdom,,,,,,,,,,,,,,,,
,,,,,,,,,,,,,,,,,,,,,,,,,,,,,,,,,,,,,,,,,,,,,,,,,,,,,,,,,,,,,,,,,,,,LTN,London�- Luton,United Kingdom,,,,,,,,,,,,,,,,
,,,,,,,,,,,,,,,,,,,,,,,,,,,,,,,,,,,,,,,,,,,,,,,,,,,,,,,,,,,,,,,,,,,,STN,London�- Stansted,United Kingdom,,,,,,,,,,,,,,,,
,,,,,,,,,,,,,,,,,,,,,,,,,,,,,,,,,,,,,,,,,,,,,,,,,,,,,,,,,,,,,,,,,,,,LDY,Londonderry - Eglinton,United Kingdom,,,,,,,,,,,,,,,,
,,,,,,,,,,,,,,,,,,,,,,,,,,,,,,,,,,,,,,,,,,,,,,,,,,,,,,,,,,,,,,,,,,,,LRT,Lorient,France,,,,,,,,,,,,,,,,
,,,,,,,,,,,,,,,,,,,,,,,,,,,,,,,,,,,,,,,,,,,,,,,,,,,,,,,,,,,,,,,,,,,,LSZ,Losinj - Losinj Arpt,Croatia�(Hrvatska),,,,,,,,,,,,,,,,
,,,,,,,,,,,,,,,,,,,,,,,,,,,,,,,,,,,,,,,,,,,,,,,,,,,,,,,,,,,,,,,,,,,,LDE,Lourdes/Tarbes,France,,,,,,,,,,,,,,,,
,,,,,,,,,,,,,,,,,,,,,,,,,,,,,,,,,,,,,,,,,,,,,,,,,,,,,,,,,,,,,,,,,,,,MLA,Luga,Malta,,,,,,,,,,,,,,,,
,,,,,,,,,,,,,,,,,,,,,,,,,,,,,,,,,,,,,,,,,,,,,,,,,,,,,,,,,,,,,,,,,,,,LUG,Lugano,Switzerland,,,,,,,,,,,,,,,,
,,,,,,,,,,,,,,,,,,,,,,,,,,,,,,,,,,,,,,,,,,,,,,,,,,,,,,,,,,,,,,,,,,,,LLA,Lulea,Sweden,,,,,,,,,,,,,,,,
,,,,,,,,,,,,,,,,,,,,,,,,,,,,,,,,,,,,,,,,,,,,,,,,,,,,,,,,,,,,,,,,,,,,LUX,Luxembourg,Luxembourg,,,,,,,,,,,,,,,,
,,,,,,,,,,,,,,,,,,,,,,,,,,,,,,,,,,,,,,,,,,,,,,,,,,,,,,,,,,,,,,,,,,,,LWO,"Lvov (Lwow, Lemberg)",Ukraine,,,,,,,,,,,,,,,,
,,,,,,,,,,,,,,,,,,,,,,,,,,,,,,,,,,,,,,,,,,,,,,,,,,,,,,,,,,,,,,,,,,,,LYX,Lydd - Lydd International Airport,United Kingdom,,,,,,,,,,,,,,,,
,,,,,,,,,,,,,,,,,,,,,,,,,,,,,,,,,,,,,,,,,,,,,,,,,,,,,,,,,,,,,,,,,,,,LYS,Lyon�-�Lyon-Saint Exup�ry Airport�,France,,,,,,,,,,,,,,,,
,,,,,,,,,,,,,,,,,,,,,,,,,,,,,,,,,,,,,,,,,,,,,,,,,,,,,,,,,,,,,,,,,,,,MST,Maastricht/Aachen,Netherlands,,,,,,,,,,,,,,,,
,,,,,,,,,,,,,,,,,,,,,,,,,,,,,,,,,,,,,,,,,,,,,,,,,,,,,,,,,,,,,,,,,,,,MAD,Madrid�- Barajas Airport,Spain,,,,,,,,,,,,,,,,
,,,,,,,,,,,,,,,,,,,,,,,,,,,,,,,,,,,,,,,,,,,,,,,,,,,,,,,,,,,,,,,,,,,,MAH,Mahon,Spain,,,,,,,,,,,,,,,,
,,,,,,,,,,,,,,,,,,,,,,,,,,,,,,,,,,,,,,,,,,,,,,,,,,,,,,,,,,,,,,,,,,,,AGP,Malaga,Spain,,,,,,,,,,,,,,,,
,,,,,,,,,,,,,,,,,,,,,,,,,,,,,,,,,,,,,,,,,,,,,,,,,,,,,,,,,,,,,,,,,,,,MLX,Malatya,Turkey,,,,,,,,,,,,,,,,
,,,,,,,,,,,,,,,,,,,,,,,,,,,,,,,,,,,,,,,,,,,,,,,,,,,,,,,,,,,,,,,,,,,,MMA,Malmo�(Malmoe),Sweden,,,,,,,,,,,,,,,,
,,,,,,,,,,,,,,,,,,,,,,,,,,,,,,,,,,,,,,,,,,,,,,,,,,,,,,,,,,,,,,,,,,,,MMX,Malmo�(Malm�) - Malm� Airport,Sweden,,,,,,,,,,,,,,,,
,,,,,,,,,,,,,,,,,,,,,,,,,,,,,,,,,,,,,,,,,,,,,,,,,,,,,,,,,,,,,,,,,,,,MAN,Manchester,United Kingdom,,,,,,,,,,,,,,,,
,,,,,,,,,,,,,,,,,,,,,,,,,,,,,,,,,,,,,,,,,,,,,,,,,,,,,,,,,,,,,,,,,,,,KCM,Maras,Turkey,,,,,,,,,,,,,,,,
,,,,,,,,,,,,,,,,,,,,,,,,,,,,,,,,,,,,,,,,,,,,,,,,,,,,,,,,,,,,,,,,,,,,MQM,Mardin,Turkey,,,,,,,,,,,,,,,,
,,,,,,,,,,,,,,,,,,,,,,,,,,,,,,,,,,,,,,,,,,,,,,,,,,,,,,,,,,,,,,,,,,,,MBX,Maribor,Slovenia,,,,,,,,,,,,,,,,
,,,,,,,,,,,,,,,,,,,,,,,,,,,,,,,,,,,,,,,,,,,,,,,,,,,,,,,,,,,,,,,,,,,,MHQ,Mariehamn (Maarianhamina),Finland,,,,,,,,,,,,,,,,
,,,,,,,,,,,,,,,,,,,,,,,,,,,,,,,,,,,,,,,,,,,,,,,,,,,,,,,,,,,,,,,,,,,,MRS,Marseille�- Marseille Provence Airport,France,,,,,,,,,,,,,,,,
,,,,,,,,,,,,,,,,,,,,,,,,,,,,,,,,,,,,,,,,,,,,,,,,,,,,,,,,,,,,,,,,,,,,MZM,Metz - �Frescaty,France,,,,,,,,,,,,,,,,
,,,,,,,,,,,,,,,,,,,,,,,,,,,,,,,,,,,,,,,,,,,,,,,,,,,,,,,,,,,,,,,,,,,,ETZ,Metz/Nancy Metz-Nancy-Lorraine,France,,,,,,,,,,,,,,,,
,,,,,,,,,,,,,,,,,,,,,,,,,,,,,,,,,,,,,,,,,,,,,,,,,,,,,,,,,,,,,,,,,,,,MIK,Mikkeli,Finland,,,,,,,,,,,,,,,,
,,,,,,,,,,,,,,,,,,,,,,,,,,,,,,,,,,,,,,,,,,,,,,,,,,,,,,,,,,,,,,,,,,,,MIL,Milan,Italy,,,,,,,,,,,,,,,,
,,,,,,,,,,,,,,,,,,,,,,,,,,,,,,,,,,,,,,,,,,,,,,,,,,,,,,,,,,,,,,,,,,,,LIN,Milan�- Linate,Italy,,,,,,,,,,,,,,,,
,,,,,,,,,,,,,,,,,,,,,,,,,,,,,,,,,,,,,,,,,,,,,,,,,,,,,,,,,,,,,,,,,,,,MXP,Milan�- Malpensa,Italy,,,,,,,,,,,,,,,,
,,,,,,,,,,,,,,,,,,,,,,,,,,,,,,,,,,,,,,,,,,,,,,,,,,,,,,,,,,,,,,,,,,,,BGY,Milan�- Orio Al Serio,Italy,,,,,,,,,,,,,,,,
,,,,,,,,,,,,,,,,,,,,,,,,,,,,,,,,,,,,,,,,,,,,,,,,,,,,,,,,,,,,,,,,,,,,MPL,Montpellier�- Montpellier�M�diterran�e Airport,France,,,,,,,,,,,,,,,,
,,,,,,,,,,,,,,,,,,,,,,,,,,,,,,,,,,,,,,,,,,,,,,,,,,,,,,,,,,,,,,,,,,,,OMO,Mostar,Bosnia and Herzegovina,,,,,,,,,,,,,,,,
,,,,,,,,,,,,,,,,,,,,,,,,,,,,,,,,,,,,,,,,,,,,,,,,,,,,,,,,,,,,,,,,,,,,MUC,Muenchen�(Munich) - Franz Josef Strauss,Germany,,,,,,,,,,,,,,,,
,,,,,,,,,,,,,,,,,,,,,,,,,,,,,,,,,,,,,,,,,,,,,,,,,,,,,,,,,,,,,,,,,,,,FMO,Muenster/Osnabrueck,Germany,,,,,,,,,,,,,,,,
,,,,,,,,,,,,,,,,,,,,,,,,,,,,,,,,,,,,,,,,,,,,,,,,,,,,,,,,,,,,,,,,,,,,MLH,Mulhouse,France,,,,,,,,,,,,,,,,
,,,,,,,,,,,,,,,,,,,,,,,,,,,,,,,,,,,,,,,,,,,,,,,,,,,,,,,,,,,,,,,,,,,,MJV,Murcia,Spain,,,,,,,,,,,,,,,,
,,,,,,,,,,,,,,,,,,,,,,,,,,,,,,,,,,,,,,,,,,,,,,,,,,,,,,,,,,,,,,,,,,,,MSR,Mus,Turkey,,,,,,,,,,,,,,,,
,,,,,,,,,,,,,,,,,,,,,,,,,,,,,,,,,,,,,,,,,,,,,,,,,,,,,,,,,,,,,,,,,,,,JMK,Mykonos,Greece,,,,,,,,,,,,,,,,
,,,,,,,,,,,,,,,,,,,,,,,,,,,,,,,,,,,,,,,,,,,,,,,,,,,,,,,,,,,,,,,,,,,,MJT,Mytilene (Lesbos),Greece,,,,,,,,,,,,,,,,
,,,,,,,,,,,,,,,,,,,,,,,,,,,,,,,,,,,,,,,,,,,,,,,,,,,,,,,,,,,,,,,,,,,,ENC,Nancy,France,,,,,,,,,,,,,,,,
,,,,,,,,,,,,,,,,,,,,,,,,,,,,,,,,,,,,,,,,,,,,,,,,,,,,,,,,,,,,,,,,,,,,NTE,Nantes�- Nantes Atlantique Airport,France,,,,,,,,,,,,,,,,
,,,,,,,,,,,,,,,,,,,,,,,,,,,,,,,,,,,,,,,,,,,,,,,,,,,,,,,,,,,,,,,,,,,,NAP,Naples�- Naples Capodichino Airport,Italy,,,,,,,,,,,,,,,,
,,,,,,,,,,,,,,,,,,,,,,,,,,,,,,,,,,,,,,,,,,,,,,,,,,,,,,,,,,,,,,,,,,,,JNX,Naxos - Naxos Airport,Greece,,,,,,,,,,,,,,,,
,,,,,,,,,,,,,,,,,,,,,,,,,,,,,,,,,,,,,,,,,,,,,,,,,,,,,,,,,,,,,,,,,,,,NQY,Newquay,United Kingdom,,,,,,,,,,,,,,,,
,,,,,,,,,,,,,,,,,,,,,,,,,,,,,,,,,,,,,,,,,,,,,,,,,,,,,,,,,,,,,,,,,,,,NCL,Newcastle,United Kingdom,,,,,,,,,,,,,,,,
,,,,,,,,,,,,,,,,,,,,,,,,,,,,,,,,,,,,,,,,,,,,,,,,,,,,,,,,,,,,,,,,,,,,NCE,Nice�- Cote D'Azur Airport,France,,,,,,,,,,,,,,,,
,,,,,,,,,,,,,,,,,,,,,,,,,,,,,,,,,,,,,,,,,,,,,,,,,,,,,,,,,,,,,,,,,,,,NIC,Nicosia,Cyprus,,,,,,,,,,,,,,,,
,,,,,,,,,,,,,,,,,,,,,,,,,,,,,,,,,,,,,,,,,,,,,,,,,,,,,,,,,,,,,,,,,,,,NLV,Nikolaev,Ukraine,,,,,,,,,,,,,,,,
,,,,,,,,,,,,,,,,,,,,,,,,,,,,,,,,,,,,,,,,,,,,,,,,,,,,,,,,,,,,,,,,,,,,FNI,Nimes,France,,,,,,,,,,,,,,,,
,,,,,,,,,,,,,,,,,,,,,,,,,,,,,,,,,,,,,,,,,,,,,,,,,,,,,,,,,,,,,,,,,,,,INI,Nis,Serbia,,,,,,,,,,,,,,,,
,,,,,,,,,,,,,,,,,,,,,,,,,,,,,,,,,,,,,,,,,,,,,,,,,,,,,,,,,,,,,,,,,,,,NRK,Norrkoeping,Sweden,,,,,,,,,,,,,,,,
,,,,,,,,,,,,,,,,,,,,,,,,,,,,,,,,,,,,,,,,,,,,,,,,,,,,,,,,,,,,,,,,,,,,NWI,Norwich,United Kingdom,,,,,,,,,,,,,,,,
,,,,,,,,,,,,,,,,,,,,,,,,,,,,,,,,,,,,,,,,,,,,,,,,,,,,,,,,,,,,,,,,,,,,EMA,Nottingham - East Midlands,United Kingdom,,,,,,,,,,,,,,,,
,,,,,,,,,,,,,,,,,,,,,,,,,,,,,,,,,,,,,,,,,,,,,,,,,,,,,,,,,,,,,,,,,,,,QND,Novi Sad,Serbia,,,,,,,,,,,,,,,,
,,,,,,,,,,,,,,,,,,,,,,,,,,,,,,,,,,,,,,,,,,,,,,,,,,,,,,,,,,,,,,,,,,,,NUE,N�rnberg (Nuremberg),Germany,,,,,,,,,,,,,,,,
,,,,,,,,,,,,,,,,,,,,,,,,,,,,,,,,,,,,,,,,,,,,,,,,,,,,,,,,,,,,,,,,,,,,ODE,Odense,Denmark,,,,,,,,,,,,,,,,
,,,,,,,,,,,,,,,,,,,,,,,,,,,,,,,,,,,,,,,,,,,,,,,,,,,,,,,,,,,,,,,,,,,,ODS,Odessa,Ukraine,,,,,,,,,,,,,,,,
,,,,,,,,,,,,,,,,,,,,,,,,,,,,,,,,,,,,,,,,,,,,,,,,,,,,,,,,,,,,,,,,,,,,ORB,Oerebro,Sweden,,,,,,,,,,,,,,,,
,,,,,,,,,,,,,,,,,,,,,,,,,,,,,,,,,,,,,,,,,,,,,,,,,,,,,,,,,,,,,,,,,,,,OHD,Ohrid,Macedonia,,,,,,,,,,,,,,,,
,,,,,,,,,,,,,,,,,,,,,,,,,,,,,,,,,,,,,,,,,,,,,,,,,,,,,,,,,,,,,,,,,,,,OLB,Olbia,Italy,,,,,,,,,,,,,,,,
,,,,,,,,,,,,,,,,,,,,,,,,,,,,,,,,,,,,,,,,,,,,,,,,,,,,,,,,,,,,,,,,,,,,KOI,Orkney - Kirkwall,United Kingdom,,,,,,,,,,,,,,,,
,,,,,,,,,,,,,,,,,,,,,,,,,,,,,,,,,,,,,,,,,,,,,,,,,,,,,,,,,,,,,,,,,,,,OSI,Osijek,Croatia�(Hrvatska),,,,,,,,,,,,,,,,
,,,,,,,,,,,,,,,,,,,,,,,,,,,,,,,,,,,,,,,,,,,,,,,,,,,,,,,,,,,,,,,,,,,,OSL,"Oslo�- Oslo Airport, Gardermoen",Norway,,,,,,,,,,,,,,,,
,,,,,,,,,,,,,,,,,,,,,,,,,,,,,,,,,,,,,,,,,,,,,,,,,,,,,,,,,,,,,,,,,,,,FBU,Oslo�- Fornebu,Norway,,,,,,,,,,,,,,,,
,,,,,,,,,,,,,,,,,,,,,,,,,,,,,,,,,,,,,,,,,,,,,,,,,,,,,,,,,,,,,,,,,,,,TRF,Oslo�- Sandefjord,Norway,,,,,,,,,,,,,,,,
,,,,,,,,,,,,,,,,,,,,,,,,,,,,,,,,,,,,,,,,,,,,,,,,,,,,,,,,,,,,,,,,,,,,OUL,Oulu,Finland,,,,,,,,,,,,,,,,
,,,,,,,,,,,,,,,,,,,,,,,,,,,,,,,,,,,,,,,,,,,,,,,,,,,,,,,,,,,,,,,,,,,,OUK,Out Skerries (Shetland),United Kingdom,,,,,,,,,,,,,,,,
,,,,,,,,,,,,,,,,,,,,,,,,,,,,,,,,,,,,,,,,,,,,,,,,,,,,,,,,,,,,,,,,,,,,OVD,Oviedo,Spain,,,,,,,,,,,,,,,,
,,,,,,,,,,,,,,,,,,,,,,,,,,,,,,,,,,,,,,,,,,,,,,,,,,,,,,,,,,,,,,,,,,,,PAD,Paderborn/Lippstadt,Germany,,,,,,,,,,,,,,,,
,,,,,,,,,,,,,,,,,,,,,,,,,,,,,,,,,,,,,,,,,,,,,,,,,,,,,,,,,,,,,,,,,,,,PMO,Palermo - Punta Raisi,Italy,,,,,,,,,,,,,,,,
,,,,,,,,,,,,,,,,,,,,,,,,,,,,,,,,,,,,,,,,,,,,,,,,,,,,,,,,,,,,,,,,,,,,PMI,Palma de Mallorca,Spain,,,,,,,,,,,,,,,,
,,,,,,,,,,,,,,,,,,,,,,,,,,,,,,,,,,,,,,,,,,,,,,,,,,,,,,,,,,,,,,,,,,,,PNL,Pantelleria,Italy,,,,,,,,,,,,,,,,
,,,,,,,,,,,,,,,,,,,,,,,,,,,,,,,,,,,,,,,,,,,,,,,,,,,,,,,,,,,,,,,,,,,,PFO,Paphos,Cyprus,,,,,,,,,,,,,,,,
,,,,,,,,,,,,,,,,,,,,,,,,,,,,,,,,,,,,,,,,,,,,,,,,,,,,,,,,,,,,,,,,,,,,PAR,Paris,France,,,,,,,,,,,,,,,,
,,,,,,,,,,,,,,,,,,,,,,,,,,,,,,,,,,,,,,,,,,,,,,,,,,,,,,,,,,,,,,,,,,,,CDG,Paris�- Charles de Gaulle,France,,,,,,,,,,,,,,,,
,,,,,,,,,,,,,,,,,,,,,,,,,,,,,,,,,,,,,,,,,,,,,,,,,,,,,,,,,,,,,,,,,,,,LBG,Paris�- Le Bourget,France,,,,,,,,,,,,,,,,
,,,,,,,,,,,,,,,,,,,,,,,,,,,,,,,,,,,,,,,,,,,,,,,,,,,,,,,,,,,,,,,,,,,,ORY,Paris�- Orly,France,,,,,,,,,,,,,,,,
,,,,,,,,,,,,,,,,,,,,,,,,,,,,,,,,,,,,,,,,,,,,,,,,,,,,,,,,,,,,,,,,,,,,PUF,Pau,France,,,,,,,,,,,,,,,,
,,,,,,,,,,,,,,,,,,,,,,,,,,,,,,,,,,,,,,,,,,,,,,,,,,,,,,,,,,,,,,,,,,,,PGF,Perpignan,France,,,,,,,,,,,,,,,,
,,,,,,,,,,,,,,,,,,,,,,,,,,,,,,,,,,,,,,,,,,,,,,,,,,,,,,,,,,,,,,,,,,,,PEG,Perugia,Italy,,,,,,,,,,,,,,,,
,,,,,,,,,,,,,,,,,,,,,,,,,,,,,,,,,,,,,,,,,,,,,,,,,,,,,,,,,,,,,,,,,,,,PSR,Pescara,Italy,,,,,,,,,,,,,,,,
,,,,,,,,,,,,,,,,,,,,,,,,,,,,,,,,,,,,,,,,,,,,,,,,,,,,,,,,,,,,,,,,,,,,PSA,Pisa - Galileo Galilei,Italy,,,,,,,,,,,,,,,,
,,,,,,,,,,,,,,,,,,,,,,,,,,,,,,,,,,,,,,,,,,,,,,,,,,,,,,,,,,,,,,,,,,,,TGD,Podgorica,Montenegro,,,,,,,,,,,,,,,,
,,,,,,,,,,,,,,,,,,,,,,,,,,,,,,,,,,,,,,,,,,,,,,,,,,,,,,,,,,,,,,,,,,,,PIS,Poitiers - Biard,France,,,,,,,,,,,,,,,,
,,,,,,,,,,,,,,,,,,,,,,,,,,,,,,,,,,,,,,,,,,,,,,,,,,,,,,,,,,,,,,,,,,,,PDL,Ponta Delgada,Portugal,,,,,,,,,,,,,,,,
,,,,,,,,,,,,,,,,,,,,,,,,,,,,,,,,,,,,,,,,,,,,,,,,,,,,,,,,,,,,,,,,,,,,POR,Pori,Finland,,,,,,,,,,,,,,,,
,,,,,,,,,,,,,,,,,,,,,,,,,,,,,,,,,,,,,,,,,,,,,,,,,,,,,,,,,,,,,,,,,,,,OPO,Porto,Portugal,,,,,,,,,,,,,,,,
,,,,,,,,,,,,,,,,,,,,,,,,,,,,,,,,,,,,,,,,,,,,,,,,,,,,,,,,,,,,,,,,,,,,PXO,Porto Santo,Portugal,,,,,,,,,,,,,,,,
,,,,,,,,,,,,,,,,,,,,,,,,,,,,,,,,,,,,,,,,,,,,,,,,,,,,,,,,,,,,,,,,,,,,POZ,"Poznan, Lawica",Poland,,,,,,,,,,,,,,,,
,,,,,,,,,,,,,,,,,,,,,,,,,,,,,,,,,,,,,,,,,,,,,,,,,,,,,,,,,,,,,,,,,,,,PRG,Prague�- V�clav Havel Airport (formerly Ruzyne),Czech Republic,,,,,,,,,,,,,,,,
,,,,,,,,,,,,,,,,,,,,,,,,,,,,,,,,,,,,,,,,,,,,,,,,,,,,,,,,,,,,,,,,,,,,PVK,Preveza/Lefkas,Greece,,,,,,,,,,,,,,,,
,,,,,,,,,,,,,,,,,,,,,,,,,,,,,,,,,,,,,,,,,,,,,,,,,,,,,,,,,,,,,,,,,,,,PRN,Pristina,Serbia,,,,,,,,,,,,,,,,
,,,,,,,,,,,,,,,,,,,,,,,,,,,,,,,,,,,,,,,,,,,,,,,,,,,,,,,,,,,,,,,,,,,,PUY,Pula,Croatia�(Hrvatska),,,,,,,,,,,,,,,,
,,,,,,,,,,,,,,,,,,,,,,,,,,,,,,,,,,,,,,,,,,,,,,,,,,,,,,,,,,,,,,,,,,,,UIP,Quimper,France,,,,,,,,,,,,,,,,
,,,,,,,,,,,,,,,,,,,,,,,,,,,,,,,,,,,,,,,,,,,,,,,,,,,,,,,,,,,,,,,,,,,,REG,Reggio Calabria,Italy,,,,,,,,,,,,,,,,
,,,,,,,,,,,,,,,,,,,,,,,,,,,,,,,,,,,,,,,,,,,,,,,,,,,,,,,,,,,,,,,,,,,,RNS,Rennes,France,,,,,,,,,,,,,,,,
,,,,,,,,,,,,,,,,,,,,,,,,,,,,,,,,,,,,,,,,,,,,,,,,,,,,,,,,,,,,,,,,,,,,REU,Reus,Spain,,,,,,,,,,,,,,,,
,,,,,,,,,,,,,,,,,,,,,,,,,,,,,,,,,,,,,,,,,,,,,,,,,,,,,,,,,,,,,,,,,,,,REK,Reykjavik�- Metropolitan Area,Iceland,,,,,,,,,,,,,,,,
,,,,,,,,,,,,,,,,,,,,,,,,,,,,,,,,,,,,,,,,,,,,,,,,,,,,,,,,,,,,,,,,,,,,KEF,Reykjavik�- Keflavik International,Iceland,,,,,,,,,,,,,,,,
,,,,,,,,,,,,,,,,,,,,,,,,,,,,,,,,,,,,,,,,,,,,,,,,,,,,,,,,,,,,,,,,,,,,RHO,Rhodos,Greece,,,,,,,,,,,,,,,,
,,,,,,,,,,,,,,,,,,,,,,,,,,,,,,,,,,,,,,,,,,,,,,,,,,,,,,,,,,,,,,,,,,,,RIX,Riga,Latvia,,,,,,,,,,,,,,,,
,,,,,,,,,,,,,,,,,,,,,,,,,,,,,,,,,,,,,,,,,,,,,,,,,,,,,,,,,,,,,,,,,,,,RJK,Rijeka,Croatia�(Hrvatska),,,,,,,,,,,,,,,,
,,,,,,,,,,,,,,,,,,,,,,,,,,,,,,,,,,,,,,,,,,,,,,,,,,,,,,,,,,,,,,,,,,,,RMI,Rimini,Italy,,,,,,,,,,,,,,,,
,,,,,,,,,,,,,,,,,,,,,,,,,,,,,,,,,,,,,,,,,,,,,,,,,,,,,,,,,,,,,,,,,,,,RNE,Roanne,France,,,,,,,,,,,,,,,,
,,,,,,,,,,,,,,,,,,,,,,,,,,,,,,,,,,,,,,,,,,,,,,,,,,,,,,,,,,,,,,,,,,,,RDZ,Rodez,France,,,,,,,,,,,,,,,,
,,,,,,,,,,,,,,,,,,,,,,,,,,,,,,,,,,,,,,,,,,,,,,,,,,,,,,,,,,,,,,,,,,,,RNN,Roenne,Denmark,,,,,,,,,,,,,,,,
,,,,,,,,,,,,,,,,,,,,,,,,,,,,,,,,,,,,,,,,,,,,,,,,,,,,,,,,,,,,,,,,,,,,ROM,Rome,Italy,,,,,,,,,,,,,,,,
,,,,,,,,,,,,,,,,,,,,,,,,,,,,,,,,,,,,,,,,,,,,,,,,,,,,,,,,,,,,,,,,,,,,CIA,Rome�- Ciampino,Italy,,,,,,,,,,,,,,,,
,,,,,,,,,,,,,,,,,,,,,,,,,,,,,,,,,,,,,,,,,,,,,,,,,,,,,,,,,,,,,,,,,,,,FCO,Rome�- Fuimicino,Italy,,,,,,,,,,,,,,,,
,,,,,,,,,,,,,,,,,,,,,,,,,,,,,,,,,,,,,,,,,,,,,,,,,,,,,,,,,,,,,,,,,,,,RNB,Ronneby,Sweden,,,,,,,,,,,,,,,,
,,,,,,,,,,,,,,,,,,,,,,,,,,,,,,,,,,,,,,,,,,,,,,,,,,,,,,,,,,,,,,,,,,,,RTM,Rotterdam,Netherlands,,,,,,,,,,,,,,,,
,,,,,,,,,,,,,,,,,,,,,,,,,,,,,,,,,,,,,,,,,,,,,,,,,,,,,,,,,,,,,,,,,,,,RVN,Rovaniemi,Finland,,,,,,,,,,,,,,,,
,,,,,,,,,,,,,,,,,,,,,,,,,,,,,,,,,,,,,,,,,,,,,,,,,,,,,,,,,,,,,,,,,,,,ROU,Ruse,Bulgaria,,,,,,,,,,,,,,,,
,,,,,,,,,,,,,,,,,,,,,,,,,,,,,,,,,,,,,,,,,,,,,,,,,,,,,,,,,,,,,,,,,,,,SCN,Saarbruecken,Germany,,,,,,,,,,,,,,,,
,,,,,,,,,,,,,,,,,,,,,,,,,,,,,,,,,,,,,,,,,,,,,,,,,,,,,,,,,,,,,,,,,,,,SBK,Saint Brieuc,France,,,,,,,,,,,,,,,,
,,,,,,,,,,,,,,,,,,,,,,,,,,,,,,,,,,,,,,,,,,,,,,,,,,,,,,,,,,,,,,,,,,,,SKG,Saloniki,Greece,,,,,,,,,,,,,,,,
,,,,,,,,,,,,,,,,,,,,,,,,,,,,,,,,,,,,,,,,,,,,,,,,,,,,,,,,,,,,,,,,,,,,SZG,Salzburg - W.A. Mozart,Austria,,,,,,,,,,,,,,,,
,,,,,,,,,,,,,,,,,,,,,,,,,,,,,,,,,,,,,,,,,,,,,,,,,,,,,,,,,,,,,,,,,,,,SMI,Samos,Greece,,,,,,,,,,,,,,,,
,,,,,,,,,,,,,,,,,,,,,,,,,,,,,,,,,,,,,,,,,,,,,,,,,,,,,,,,,,,,,,,,,,,,SZF,Samsun,Turkey,,,,,,,,,,,,,,,,
,,,,,,,,,,,,,,,,,,,,,,,,,,,,,,,,,,,,,,,,,,,,,,,,,,,,,,,,,,,,,,,,,,,,EAS,San Sebastian,Spain,,,,,,,,,,,,,,,,
,,,,,,,,,,,,,,,,,,,,,,,,,,,,,,,,,,,,,,,,,,,,,,,,,,,,,,,,,,,,,,,,,,,,SPC,Santa Cruz de la Palma,Spain,,,,,,,,,,,,,,,,
,,,,,,,,,,,,,,,,,,,,,,,,,,,,,,,,,,,,,,,,,,,,,,,,,,,,,,,,,,,,,,,,,,,,SMA,Santa Maria,Portugal,,,,,,,,,,,,,,,,
,,,,,,,,,,,,,,,,,,,,,,,,,,,,,,,,,,,,,,,,,,,,,,,,,,,,,,,,,,,,,,,,,,,,SDR,Santander,Spain,,,,,,,,,,,,,,,,
,,,,,,,,,,,,,,,,,,,,,,,,,,,,,,,,,,,,,,,,,,,,,,,,,,,,,,,,,,,,,,,,,,,,SCQ,Santiago de Compostela,Spain,,,,,,,,,,,,,,,,
,,,,,,,,,,,,,,,,,,,,,,,,,,,,,,,,,,,,,,,,,,,,,,,,,,,,,,,,,,,,,,,,,,,,SJJ,Sarajevo,Bosnia and Herzegovina,,,,,,,,,,,,,,,,
,,,,,,,,,,,,,,,,,,,,,,,,,,,,,,,,,,,,,,,,,,,,,,,,,,,,,,,,,,,,,,,,,,,,SVL,Savonlinna,Finland,,,,,,,,,,,,,,,,
,,,,,,,,,,,,,,,,,,,,,,,,,,,,,,,,,,,,,,,,,,,,,,,,,,,,,,,,,,,,,,,,,,,,SJY,Seinaejoki,Finland,,,,,,,,,,,,,,,,
,,,,,,,,,,,,,,,,,,,,,,,,,,,,,,,,,,,,,,,,,,,,,,,,,,,,,,,,,,,,,,,,,,,,SVQ,Sevilla,Spain,,,,,,,,,,,,,,,,
,,,,,,,,,,,,,,,,,,,,,,,,,,,,,,,,,,,,,,,,,,,,,,,,,,,,,,,,,,,,,,,,,,,,SNN,Shannon (Limerick),Ireland,,,,,,,,,,,,,,,,
,,,,,,,,,,,,,,,,,,,,,,,,,,,,,,,,,,,,,,,,,,,,,,,,,,,,,,,,,,,,,,,,,,,,SZD,"Sheffield, City Airport",United Kingdom,,,,,,,,,,,,,,,,
,,,,,,,,,,,,,,,,,,,,,,,,,,,,,,,,,,,,,,,,,,,,,,,,,,,,,,,,,,,,,,,,,,,,DSA,"Sheffield, Doncaster, Robin Hood International Airport",United Kingdom,,,,,,,,,,,,,,,,
,,,,,,,,,,,,,,,,,,,,,,,,,,,,,,,,,,,,,,,,,,,,,,,,,,,,,,,,,,,,,,,,,,,,SLS,Silistra,Bulgaria,,,,,,,,,,,,,,,,
,,,,,,,,,,,,,,,,,,,,,,,,,,,,,,,,,,,,,,,,,,,,,,,,,,,,,,,,,,,,,,,,,,,,SIP,Simferopol,Ukraine,,,,,,,,,,,,,,,,
,,,,,,,,,,,,,,,,,,,,,,,,,,,,,,,,,,,,,,,,,,,,,,,,,,,,,,,,,,,,,,,,,,,,VAS,Sivas,Turkey,,,,,,,,,,,,,,,,
,,,,,,,,,,,,,,,,,,,,,,,,,,,,,,,,,,,,,,,,,,,,,,,,,,,,,,,,,,,,,,,,,,,,JSI,Skiathos,Greece,,,,,,,,,,,,,,,,
,,,,,,,,,,,,,,,,,,,,,,,,,,,,,,,,,,,,,,,,,,,,,,,,,,,,,,,,,,,,,,,,,,,,SKP,Skopje,Macedonia,,,,,,,,,,,,,,,,
,,,,,,,,,,,,,,,,,,,,,,,,,,,,,,,,,,,,,,,,,,,,,,,,,,,,,,,,,,,,,,,,,,,,SKS,Skrydstrup,Denmark,,,,,,,,,,,,,,,,
,,,,,,,,,,,,,,,,,,,,,,,,,,,,,,,,,,,,,,,,,,,,,,,,,,,,,,,,,,,,,,,,,,,,SXL,Sligo,Ireland,,,,,,,,,,,,,,,,
,,,,,,,,,,,,,,,,,,,,,,,,,,,,,,,,,,,,,,,,,,,,,,,,,,,,,,,,,,,,,,,,,,,,SOT,Sodankylae,Finland,,,,,,,,,,,,,,,,
,,,,,,,,,,,,,,,,,,,,,,,,,,,,,,,,,,,,,,,,,,,,,,,,,,,,,,,,,,,,,,,,,,,,SGD,Soenderborg,Denmark,,,,,,,,,,,,,,,,
,,,,,,,,,,,,,,,,,,,,,,,,,,,,,,,,,,,,,,,,,,,,,,,,,,,,,,,,,,,,,,,,,,,,SOF,Sofia�- Vrazhdebna,Bulgaria,,,,,,,,,,,,,,,,
,,,,,,,,,,,,,,,,,,,,,,,,,,,,,,,,,,,,,,,,,,,,,,,,,,,,,,,,,,,,,,,,,,,,SOG,Sogndal,Norway,,,,,,,,,,,,,,,,
,,,,,,,,,,,,,,,,,,,,,,,,,,,,,,,,,,,,,,,,,,,,,,,,,,,,,,,,,,,,,,,,,,,,SOU,Southampton - Eastleigh,United Kingdom,,,,,,,,,,,,,,,,
,,,,,,,,,,,,,,,,,,,,,,,,,,,,,,,,,,,,,,,,,,,,,,,,,,,,,,,,,,,,,,,,,,,,SEN,Southend (London),United Kingdom,,,,,,,,,,,,,,,,
,,,,,,,,,,,,,,,,,,,,,,,,,,,,,,,,,,,,,,,,,,,,,,,,,,,,,,,,,,,,,,,,,,,,SPU,Split,Croatia�(Hrvatska),,,,,,,,,,,,,,,,
,,,,,,,,,,,,,,,,,,,,,,,,,,,,,,,,,,,,,,,,,,,,,,,,,,,,,,,,,,,,,,,,,,,,EBU,St. Etienne,France,,,,,,,,,,,,,,,,
,,,,,,,,,,,,,,,,,,,,,,,,,,,,,,,,,,,,,,,,,,,,,,,,,,,,,,,,,,,,,,,,,,,,STN,Stansted (London),United Kingdom,,,,,,,,,,,,,,,,
,,,,,,,,,,,,,,,,,,,,,,,,,,,,,,,,,,,,,,,,,,,,,,,,,,,,,,,,,,,,,,,,,,,,SVG,Stavanger,Norway,,,,,,,,,,,,,,,,
,,,,,,,,,,,,,,,,,,,,,,,,,,,,,,,,,,,,,,,,,,,,,,,,,,,,,,,,,,,,,,,,,,,,SZZ,Stettin,Poland,,,,,,,,,,,,,,,,
,,,,,,,,,,,,,,,,,,,,,,,,,,,,,,,,,,,,,,,,,,,,,,,,,,,,,,,,,,,,,,,,,,,,STO,Stockholm�Metropolitan Area,Sweden,,,,,,,,,,,,,,,,
,,,,,,,,,,,,,,,,,,,,,,,,,,,,,,,,,,,,,,,,,,,,,,,,,,,,,,,,,,,,,,,,,,,,ARN,Stockholm�- Arlanda,Sweden,,,,,,,,,,,,,,,,
,,,,,,,,,,,,,,,,,,,,,,,,,,,,,,,,,,,,,,,,,,,,,,,,,,,,,,,,,,,,,,,,,,,,BMA,Stockholm�- Bromma,Sweden,,,,,,,,,,,,,,,,
,,,,,,,,,,,,,,,,,,,,,,,,,,,,,,,,,,,,,,,,,,,,,,,,,,,,,,,,,,,,,,,,,,,,SYY,Stornway,United Kingdom,,,,,,,,,,,,,,,,
,,,,,,,,,,,,,,,,,,,,,,,,,,,,,,,,,,,,,,,,,,,,,,,,,,,,,,,,,,,,,,,,,,,,SXB,Strasbourg�- Strasbourg Airport,France,,,,,,,,,,,,,,,,
,,,,,,,,,,,,,,,,,,,,,,,,,,,,,,,,,,,,,,,,,,,,,,,,,,,,,,,,,,,,,,,,,,,,STR,Stuttgart�- Echterdingen,Germany,,,,,,,,,,,,,,,,
,,,,,,,,,,,,,,,,,,,,,,,,,,,,,,,,,,,,,,,,,,,,,,,,,,,,,,,,,,,,,,,,,,,,LSI,Sumburgh (Shetland),United Kingdom,,,,,,,,,,,,,,,,
,,,,,,,,,,,,,,,,,,,,,,,,,,,,,,,,,,,,,,,,,,,,,,,,,,,,,,,,,,,,,,,,,,,,SDL,Sundsvall,Sweden,,,,,,,,,,,,,,,,
,,,,,,,,,,,,,,,,,,,,,,,,,,,,,,,,,,,,,,,,,,,,,,,,,,,,,,,,,,,,,,,,,,,,QUF,Tallinn�- Pirita Harbour,Estonia,,,,,,,,,,,,,,,,
,,,,,,,,,,,,,,,,,,,,,,,,,,,,,,,,,,,,,,,,,,,,,,,,,,,,,,,,,,,,,,,,,,,,TLL,Tallinn�- Ulemiste,Estonia,,,,,,,,,,,,,,,,
,,,,,,,,,,,,,,,,,,,,,,,,,,,,,,,,,,,,,,,,,,,,,,,,,,,,,,,,,,,,,,,,,,,,TMP,Tampere,Finland,,,,,,,,,,,,,,,,
,,,,,,,,,,,,,,,,,,,,,,,,,,,,,,,,,,,,,,,,,,,,,,,,,,,,,,,,,,,,,,,,,,,,TGV,Targovishte,Bulgaria,,,,,,,,,,,,,,,,
,,,,,,,,,,,,,,,,,,,,,,,,,,,,,,,,,,,,,,,,,,,,,,,,,,,,,,,,,,,,,,,,,,,,MME,"Teesside, Durham Tees Valley",United Kingdom,,,,,,,,,,,,,,,,
,,,,,,,,,,,,,,,,,,,,,,,,,,,,,,,,,,,,,,,,,,,,,,,,,,,,,,,,,,,,,,,,,,,,TEQ,Tekirdag - Corlu,Turkey,,,,,,,,,,,,,,,,
,,,,,,,,,,,,,,,,,,,,,,,,,,,,,,,,,,,,,,,,,,,,,,,,,,,,,,,,,,,,,,,,,,,,TCI,Tenerife,Spain,,,,,,,,,,,,,,,,
,,,,,,,,,,,,,,,,,,,,,,,,,,,,,,,,,,,,,,,,,,,,,,,,,,,,,,,,,,,,,,,,,,,,TFS,Tenerife - Sur Reina Sofia,Spain,,,,,,,,,,,,,,,,
,,,,,,,,,,,,,,,,,,,,,,,,,,,,,,,,,,,,,,,,,,,,,,,,,,,,,,,,,,,,,,,,,,,,TFN,Tenerife - Norte Los Rodeos,Spain,,,,,,,,,,,,,,,,
,,,,,,,,,,,,,,,,,,,,,,,,,,,,,,,,,,,,,,,,,,,,,,,,,,,,,,,,,,,,,,,,,,,,TER,Terceira,Portugal,,,,,,,,,,,,,,,,
,,,,,,,,,,,,,,,,,,,,,,,,,,,,,,,,,,,,,,,,,,,,,,,,,,,,,,,,,,,,,,,,,,,,SKG,Thessaloniki - Makedonia Apt.,Greece,,,,,,,,,,,,,,,,
,,,,,,,,,,,,,,,,,,,,,,,,,,,,,,,,,,,,,,,,,,,,,,,,,,,,,,,,,,,,,,,,,,,,JTR,Thira,Greece,,,,,,,,,,,,,,,,
,,,,,,,,,,,,,,,,,,,,,,,,,,,,,,,,,,,,,,,,,,,,,,,,,,,,,,,,,,,,,,,,,,,,TED,Thisted,Denmark,,,,,,,,,,,,,,,,
,,,,,,,,,,,,,,,,,,,,,,,,,,,,,,,,,,,,,,,,,,,,,,,,,,,,,,,,,,,,,,,,,,,,TIA,Tirana�- Rinas,Albania,,,,,,,,,,,,,,,,
,,,,,,,,,,,,,,,,,,,,,,,,,,,,,,,,,,,,,,,,,,,,,,,,,,,,,,,,,,,,,,,,,,,,TIV,Tivat,Montenegro,,,,,,,,,,,,,,,,
,,,,,,,,,,,,,,,,,,,,,,,,,,,,,,,,,,,,,,,,,,,,,,,,,,,,,,,,,,,,,,,,,,,,TLS,Toulouse�- Blagnac Airport,France,,,,,,,,,,,,,,,,
,,,,,,,,,,,,,,,,,,,,,,,,,,,,,,,,,,,,,,,,,,,,,,,,,,,,,,,,,,,,,,,,,,,,TZX,Trabzon,Turkey,,,,,,,,,,,,,,,,
,,,,,,,,,,,,,,,,,,,,,,,,,,,,,,,,,,,,,,,,,,,,,,,,,,,,,,,,,,,,,,,,,,,,TPS,Trapani,Italy,,,,,,,,,,,,,,,,
,,,,,,,,,,,,,,,,,,,,,,,,,,,,,,,,,,,,,,,,,,,,,,,,,,,,,,,,,,,,,,,,,,,,TSF,Treviso,Italy,,,,,,,,,,,,,,,,
,,,,,,,,,,,,,,,,,,,,,,,,,,,,,,,,,,,,,,,,,,,,,,,,,,,,,,,,,,,,,,,,,,,,TRS,Trieste,Italy,,,,,,,,,,,,,,,,
,,,,,,,,,,,,,,,,,,,,,,,,,,,,,,,,,,,,,,,,,,,,,,,,,,,,,,,,,,,,,,,,,,,,TOS,Tromsoe,Norway,,,,,,,,,,,,,,,,
,,,,,,,,,,,,,,,,,,,,,,,,,,,,,,,,,,,,,,,,,,,,,,,,,,,,,,,,,,,,,,,,,,,,TRD,Trondheim,Norway,,,,,,,,,,,,,,,,
,,,,,,,,,,,,,,,,,,,,,,,,,,,,,,,,,,,,,,,,,,,,,,,,,,,,,,,,,,,,,,,,,,,,TRN,Turin,Italy,,,,,,,,,,,,,,,,
,,,,,,,,,,,,,,,,,,,,,,,,,,,,,,,,,,,,,,,,,,,,,,,,,,,,,,,,,,,,,,,,,,,,TKU,Turku,Finland,,,,,,,,,,,,,,,,
,,,,,,,,,,,,,,,,,,,,,,,,,,,,,,,,,,,,,,,,,,,,,,,,,,,,,,,,,,,,,,,,,,,,UDE,Uden - Volkel Airport,Netherlands,,,,,,,,,,,,,,,,
,,,,,,,,,,,,,,,,,,,,,,,,,,,,,,,,,,,,,,,,,,,,,,,,,,,,,,,,,,,,,,,,,,,,UHE,Uherske Hradiste,Czech Republic,,,,,,,,,,,,,,,,
,,,,,,,,,,,,,,,,,,,,,,,,,,,,,,,,,,,,,,,,,,,,,,,,,,,,,,,,,,,,,,,,,,,,UME,Umea,Sweden,,,,,,,,,,,,,,,,
,,,,,,,,,,,,,,,,,,,,,,,,,,,,,,,,,,,,,,,,,,,,,,,,,,,,,,,,,,,,,,,,,,,,UNT,Unst (Shetland Island) - Baltasound Airport,United Kingdom,,,,,,,,,,,,,,,,
,,,,,,,,,,,,,,,,,,,,,,,,,,,,,,,,,,,,,,,,,,,,,,,,,,,,,,,,,,,,,,,,,,,,UDJ,Uzhgorod,Ukraine,,,,,,,,,,,,,,,,
,,,,,,,,,,,,,,,,,,,,,,,,,,,,,,,,,,,,,,,,,,,,,,,,,,,,,,,,,,,,,,,,,,,,VAA,Vaasa,Finland,,,,,,,,,,,,,,,,
,,,,,,,,,,,,,,,,,,,,,,,,,,,,,,,,,,,,,,,,,,,,,,,,,,,,,,,,,,,,,,,,,,,,VXO,Vaexjoe,Sweden,,,,,,,,,,,,,,,,
,,,,,,,,,,,,,,,,,,,,,,,,,,,,,,,,,,,,,,,,,,,,,,,,,,,,,,,,,,,,,,,,,,,,VLC,Valencia,Spain,,,,,,,,,,,,,,,,
,,,,,,,,,,,,,,,,,,,,,,,,,,,,,,,,,,,,,,,,,,,,,,,,,,,,,,,,,,,,,,,,,,,,VLL,Valladolid,Spain,,,,,,,,,,,,,,,,
,,,,,,,,,,,,,,,,,,,,,,,,,,,,,,,,,,,,,,,,,,,,,,,,,,,,,,,,,,,,,,,,,,,,VDE,Valverde,Spain,,,,,,,,,,,,,,,,
,,,,,,,,,,,,,,,,,,,,,,,,,,,,,,,,,,,,,,,,,,,,,,,,,,,,,,,,,,,,,,,,,,,,VAN,Van - Ferit Melen,Turkey,,,,,,,,,,,,,,,,
,,,,,,,,,,,,,,,,,,,,,,,,,,,,,,,,,,,,,,,,,,,,,,,,,,,,,,,,,,,,,,,,,,,,VRK,Varkaus,Finland,,,,,,,,,,,,,,,,
,,,,,,,,,,,,,,,,,,,,,,,,,,,,,,,,,,,,,,,,,,,,,,,,,,,,,,,,,,,,,,,,,,,,VAR,Varna,Bulgaria,,,,,,,,,,,,,,,,
,,,,,,,,,,,,,,,,,,,,,,,,,,,,,,,,,,,,,,,,,,,,,,,,,,,,,,,,,,,,,,,,,,,,VST,Vasteras,Sweden,,,,,,,,,,,,,,,,
,,,,,,,,,,,,,,,,,,,,,,,,,,,,,,,,,,,,,,,,,,,,,,,,,,,,,,,,,,,,,,,,,,,,VCE,Venice�- Marco Polo,Italy,,,,,,,,,,,,,,,,
,,,,,,,,,,,,,,,,,,,,,,,,,,,,,,,,,,,,,,,,,,,,,,,,,,,,,,,,,,,,,,,,,,,,VBS,Verona (Brescia) Montichiari,Italy,,,,,,,,,,,,,,,,
,,,,,,,,,,,,,,,,,,,,,,,,,,,,,,,,,,,,,,,,,,,,,,,,,,,,,,,,,,,,,,,,,,,,VRN,Verona,Italy,,,,,,,,,,,,,,,,
,,,,,,,,,,,,,,,,,,,,,,,,,,,,,,,,,,,,,,,,,,,,,,,,,,,,,,,,,,,,,,,,,,,,VID,Vidin,Bulgaria,,,,,,,,,,,,,,,,
,,,,,,,,,,,,,,,,,,,,,,,,,,,,,,,,,,,,,,,,,,,,,,,,,,,,,,,,,,,,,,,,,,,,VGO,Vigo,Spain,,,,,,,,,,,,,,,,
,,,,,,,,,,,,,,,,,,,,,,,,,,,,,,,,,,,,,,,,,,,,,,,,,,,,,,,,,,,,,,,,,,,,VNO,Vilnius,Lithuania,,,,,,,,,,,,,,,,
,,,,,,,,,,,,,,,,,,,,,,,,,,,,,,,,,,,,,,,,,,,,,,,,,,,,,,,,,,,,,,,,,,,,VBY,Visby,Sweden,,,,,,,,,,,,,,,,
,,,,,,,,,,,,,,,,,,,,,,,,,,,,,,,,,,,,,,,,,,,,,,,,,,,,,,,,,,,,,,,,,,,,VIT,Vitoria,Spain,,,,,,,,,,,,,,,,
,,,,,,,,,,,,,,,,,,,,,,,,,,,,,,,,,,,,,,,,,,,,,,,,,,,,,,,,,,,,,,,,,,,,WAW,Warsaw�- Fr�d�ric Chopin,Poland,,,,,,,,,,,,,,,,
,,,,,,,,,,,,,,,,,,,,,,,,,,,,,,,,,,,,,,,,,,,,,,,,,,,,,,,,,,,,,,,,,,,,GWT,"Westerland, Sylt Airport",Germany,,,,,,,,,,,,,,,,
,,,,,,,,,,,,,,,,,,,,,,,,,,,,,,,,,,,,,,,,,,,,,,,,,,,,,,,,,,,,,,,,,,,,WIC,Wick,United Kingdom,,,,,,,,,,,,,,,,
,,,,,,,,,,,,,,,,,,,,,,,,,,,,,,,,,,,,,,,,,,,,,,,,,,,,,,,,,,,,,,,,,,,,VIE,Wien�(Vienna) - Vienna International,Austria,,,,,,,,,,,,,,,,
,,,,,,,,,,,,,,,,,,,,,,,,,,,,,,,,,,,,,,,,,,,,,,,,,,,,,,,,,,,,,,,,,,,,WIE,"Wiesbaden, Air Base",Germany,,,,,,,,,,,,,,,,
,,,,,,,,,,,,,,,,,,,,,,,,,,,,,,,,,,,,,,,,,,,,,,,,,,,,,,,,,,,,,,,,,,,,VNO,Wilna�(Vilnius),Lithuania,,,,,,,,,,,,,,,,
,,,,,,,,,,,,,,,,,,,,,,,,,,,,,,,,,,,,,,,,,,,,,,,,,,,,,,,,,,,,,,,,,,,,ZAD,Zadar,Croatia�(Hrvatska),,,,,,,,,,,,,,,,
,,,,,,,,,,,,,,,,,,,,,,,,,,,,,,,,,,,,,,,,,,,,,,,,,,,,,,,,,,,,,,,,,,,,ZAG,Zagreb�- Zagreb Airport Pleso,Croatia�(Hrvatska),,,,,,,,,,,,,,,,
,,,,,,,,,,,,,,,,,,,,,,,,,,,,,,,,,,,,,,,,,,,,,,,,,,,,,,,,,,,,,,,,,,,,ZTH,Zakynthos,Greece,,,,,,,,,,,,,,,,
,,,,,,,,,,,,,,,,,,,,,,,,,,,,,,,,,,,,,,,,,,,,,,,,,,,,,,,,,,,,,,,,,,,,ZAZ,Zaragoza,Spain,,,,,,,,,,,,,,,,
,,,,,,,,,,,,,,,,,,,,,,,,,,,,,,,,,,,,,,,,,,,,,,,,,,,,,,,,,,,,,,,,,,,,ZRH,Zurich�(Z�rich) - Kloten,Switzerland,,,,,,,,,,,,,,,,